Student_ID,CGPA,Interests,Skills,Courses_Completed,Projects_Count,Role
bddfa350-14e3-4df4-acc7-b53c56b17991,8.66,Artificial Intelligence,"Scikit-learn,PyTorch,NoSQL,Angular",17,2,AI/ML Engineer
2318ad95-567f-4a1e-970b-b74c07352472,8.82,Artificial Intelligence,"PyTorch,Scikit-learn,Python,NumPy,C++",7,4,AI/ML Engineer
c6949319-e7a2-4803-98c9-7a026f8cd5e6,9.62,Artificial Intelligence,"Python,Mathematics,PyTorch,Scikit-learn,Angular,C++,Java",14,1,AI/ML Engineer
9777b848-eaeb-4fc6-aaf3-26ef842c3b07,7.02,Machine Learning,"Excel,Tableau,Pandas,SQL,Azure,C++,PyTorch",20,3,Data Analyst
d0b244aa-bd1f-4dfa-afce-946209ed3f4a,8.15,Database Management,"Pandas,Tableau,Python,Angular",19,5,Data Analyst
e0bb460d-50be-44d3-b425-78537be48a25,8.98,Data Science,"Scikit-learn,Python,Pandas,NumPy,TensorFlow,React",18,4,Data Scientist
5eb02aa4-f712-464f-9fc0-e5708619101a,6.36,Machine Learning,"Excel,Pandas,Python,SQL,PowerBI,PyTorch",6,3,Data Analyst
f36be864-328e-447d-9744-8ecdf91d55b4,6.22,Database Management,"NumPy,Tableau,AWS",14,1,Data Scientist
14ef0f53-85fc-4903-a586-cf26512ad956,8.66,Web Development,"Git,Node.js,HTML/CSS,PowerBI,Angular",19,3,Web Developer
0721d149-bc67-4c14-9b64-d1e4cda13262,8.52,Web Development,"JavaScript,Git,PyTorch",17,3,Web Developer
88454562-b38e-4e0b-bd2e-4d0e4a07c9cd,5.86,DevOps,"SQL,C++,Pandas",6,4,Software Engineer
baa5c16b-7b38-4018-908c-6fe4b9e4a8f9,7.84,Artificial Intelligence,"PyTorch,TensorFlow,Docker",18,3,AI/ML Engineer
09ef487e-539e-4e99-a9dd-3bda7bdaf30a,6.92,Data Science,"Python,TensorFlow,SQL,Pandas,Scikit-learn,JavaScript,PowerBI",10,4,Data Scientist
9314719c-8311-491e-8c98-50f7d3f7c9d8,8.14,DevOps,"AWS,Docker,JavaScript",19,2,Cloud Engineer
c95b0b5d-c6d0-4a3b-9a67-e33957ab2a77,6.17,Web Development,"React,Angular,JavaScript,Git,PowerBI,Docker,Python",16,3,Web Developer
7f0a853f-2093-4468-904e-8af1e87cabf7,6.77,Web Development,"Node.js,Angular,Pandas,Git",14,5,Web Developer
04c4f0ec-602c-4cd4-a428-9b052db17da3,8.21,Database Management,"Python,Tableau,React,PowerBI",16,1,Data Analyst
bf83500a-e960-41e8-a1f3-78c87597d34d,7.39,Web Development,"Angular,Node.js,JavaScript,SQL",18,1,Web Developer
f1a3aa20-b6aa-49b5-8543-982b3c8d4b95,8.96,DevOps,"Kubernetes,AWS,SQL",13,3,Cloud Engineer
028e55ad-06a7-41ec-8cb5-6a884bb9771d,7.5,Artificial Intelligence,"TensorFlow,Python,Mathematics,Scikit-learn,NumPy,Kubernetes",7,5,AI/ML Engineer
2bbcc275-b589-4edb-85cf-0829aaf13995,7.76,Artificial Intelligence,"Scikit-learn,TensorFlow,Python,Mathematics,PyTorch,Docker",11,2,AI/ML Engineer
d8154368-eca0-46d7-a479-24b45b887b7d,6.99,Machine Learning,"Excel,Tableau,TensorFlow,C++",10,1,Data Analyst
cb39a693-2daf-4cd1-8b04-1c982eeb856f,7.69,Machine Learning,"Scikit-learn,Mathematics,Azure,Git",16,3,AI/ML Engineer
9354b909-9d86-4219-93d5-3e3d345d6b54,7.24,App Development,"SQL,Java,Data Structures,C++,NoSQL",13,1,Software Engineer
d55c1a36-a4ed-4f62-8e08-723592ff51ce,6.9,Web Development,"HTML/CSS,Node.js,JavaScript,Git,Python,PyTorch",12,5,Web Developer
6e39e412-d47f-4307-8dc5-2e8a85dd34f6,6.7,Artificial Intelligence,"Mathematics,PyTorch,TensorFlow,Angular,Python",13,5,AI/ML Engineer
366a4c9b-90f9-440c-8153-688a07704796,8.53,Machine Learning,"Pandas,Tableau,PowerBI,SQL,Angular,C++",6,2,Data Analyst
7122ff6d-e3b5-4da2-9085-3ff09bf907dc,8.72,Artificial Intelligence,"Python,Mathematics,Git,Pandas",11,5,AI/ML Engineer
d7cf3070-5996-4bf6-8dc8-1a2a70881171,7.78,Web Development,"Node.js,Git,JavaScript,Angular,React,TensorFlow",8,2,Web Developer
ef9cd9da-2ae8-409c-ae94-eb057953662e,7.04,DevOps,"Azure,AWS,Docker,Linux,JavaScript,PowerBI",13,2,Cloud Engineer
83e86f33-cbdf-4126-941e-a6a89e1ed0bc,6.69,Machine Learning,"PyTorch,TensorFlow,AWS",19,2,AI/ML Engineer
9cda42f0-9f0b-49bb-b4c9-0df03cf38944,8.15,Machine Learning,"SQL,Pandas,Python,Kubernetes",17,4,Data Analyst
9295d1ba-1afd-4943-8de2-fa0cee2a4f36,7.92,Database Management,"SQL,PowerBI,Excel,Scikit-learn,Git",12,4,Data Analyst
966c11dd-f845-441e-95b4-c2b76193bc88,7.26,Data Science,"SQL,Scikit-learn,TensorFlow,Docker,C++",20,5,Data Scientist
45799812-6242-4352-94ce-244dbe98bf32,8.13,DevOps,"Python,Java,Git,SQL,TensorFlow,Kubernetes,React",7,5,Software Engineer
5fe40a84-8d78-4700-aea0-561f15116ae6,5.89,DevOps,"Docker,Linux,Python,Scikit-learn,Tableau",17,5,Cloud Engineer
6c1ca912-4787-43cd-b9c4-d59925ff97c0,6.61,Web Development,"JavaScript,Node.js,HTML/CSS,Angular,Git,Kubernetes",10,1,Web Developer
2948c402-a2c6-4218-9b87-1b5653c5a472,6.53,Database Management,"Git,Java,SQL,C++,PyTorch,Python",16,4,Software Engineer
f0542b12-64de-4798-a46c-fd8deb390a0b,10.0,Data Science,"NumPy,SQL,Pandas,Kubernetes,Git",5,3,Data Scientist
6b41fc9b-7a6d-44f8-a0a2-8da3cf3bee12,8.97,Data Science,"SQL,TensorFlow,Azure,Angular",16,4,Data Scientist
7cc621f7-0a6b-4b25-a455-15185cff9a35,8.69,Database Management,"Pandas,Python,SQL,Scikit-learn,PowerBI,HTML/CSS",17,3,Data Scientist
cab89e72-6d5b-4dda-a9da-8d0b9db1732a,5.45,Cybersecurity,"Java,C++,Git,PowerBI,Scikit-learn",19,1,Software Engineer
8cd5de8d-6452-4c5a-a928-9169bc852bcc,8.59,Web Development,"Node.js,Git,SQL,C++",13,3,Web Developer
bd3e3c18-7cc5-479b-b442-e2c8e3c3729a,8.11,DevOps,"Kubernetes,Python,Azure,PowerBI,AWS",18,3,Cloud Engineer
7eb7828a-c638-4761-b1cc-f0306388dadb,8.31,Cloud Computing,"Data Structures,SQL,Java,Python,Git,TensorFlow,Azure",10,3,Software Engineer
1f663c49-137c-4b89-b183-91ae6d8f3ff2,8.66,Cloud Computing,"Linux,Docker,Kubernetes",8,4,Cloud Engineer
2ec7de3a-b04e-4bfc-abfd-f2bf51aded4b,6.88,DevOps,"AWS,Linux,Docker,Angular",9,5,Cloud Engineer
407e005b-1600-4b65-90ae-78a4b554fe3b,6.09,Machine Learning,"Pandas,Tableau,Python",12,2,Data Scientist
d8952792-f7a0-4cb6-bc17-54906ac31bf4,7.4,Database Management,"Java,SQL,Git,JavaScript,Docker",7,4,Software Engineer
c9af9c2c-c8c8-42f3-a9f9-3f678817bcf0,7.02,Machine Learning,"Pandas,Tableau,Git,AWS",11,2,Data Analyst
afd43e9a-5e62-42c6-af04-d39677447fdb,5.84,Data Science,"Pandas,Scikit-learn,Azure",12,5,Data Scientist
6f543e67-c088-4d20-adfb-2be5ba5df3ed,9.95,Cloud Computing,"Kubernetes,Docker,AWS,Python,Pandas,C++,NumPy",5,4,Cloud Engineer
31ccfa7e-4394-4c15-baa8-66ae094986a3,8.14,Web Development,"React,Git,Azure,Kubernetes",7,1,Web Developer
d5890b81-eec9-4c90-8454-242e9414dd0e,6.01,game Development,"Git,Data Structures,Java,C++,PyTorch,Docker",19,1,Software Engineer
1cff1ae9-5ff1-454f-a2ce-c1848a049cc6,7.35,Database Management,"Pandas,TensorFlow,Python,Scikit-learn,NoSQL,Tableau",16,1,Data Scientist
0022892e-b6e4-4cb4-848b-6f94af01c796,6.53,Machine Learning,"TensorFlow,Mathematics,Scikit-learn,PowerBI,PyTorch",6,3,AI/ML Engineer
a86a84f6-5254-43b1-8c21-f6e13fccef45,6.27,Database Management,"Pandas,SQL,Tableau,TensorFlow,Python",10,4,Data Analyst
89595820-2f3d-499b-a725-80461a548838,7.98,Web Development,"Git,Angular,Docker",13,4,Web Developer
34207272-8591-4590-8752-7fe4115a436c,6.48,Database Management,"Excel,Tableau,Python,Pandas,NoSQL,Java",6,3,Data Analyst
4ae13eaa-6299-44f7-bfef-d1d711339055,6.42,Cloud Computing,"Kubernetes,AWS,Linux,Python,PowerBI,Scikit-learn",20,5,Cloud Engineer
c9b0cb3e-c2c6-49df-931f-64718df3d8d7,5.68,Data Science,"Excel,Python,Pandas,PowerBI,Git,Java,Kubernetes",8,4,Data Analyst
744dcaf5-b13a-4b4d-aff4-0115fb4d1073,7.33,Database Management,"Python,PowerBI,Excel,Tableau,HTML/CSS,Java,Pandas",13,4,Data Analyst
a6ec5411-32c8-42a1-b417-00710590efdc,6.84,Web Development,"HTML/CSS,Node.js,Git,JavaScript,AWS,Scikit-learn",15,1,Web Developer
9580b9b3-7c4c-4ee0-9337-40b560838027,7.58,Artificial Intelligence,"Python,Mathematics,TensorFlow,C++,NoSQL",19,5,AI/ML Engineer
e1874459-55b0-40f1-bdf6-6d4148f6e08d,8.38,Machine Learning,"Tableau,TensorFlow,Python,SQL,Docker,Angular",7,3,Data Scientist
79673fa7-539e-4220-bb9d-48e816bd9abc,7.61,Database Management,"Python,Pandas,SQL,Angular,PowerBI",6,2,Data Analyst
4227e48b-737f-4355-9953-4a28e4591146,7.56,Machine Learning,"Excel,Tableau,Python,SQL,Scikit-learn,JavaScript,HTML/CSS",20,2,Data Analyst
d1e5c579-65b6-4ec9-975f-43a46155d919,6.92,game Development,"Python,Java,Scikit-learn,SQL",12,5,Software Engineer
a31e39bf-d5cd-4886-9ac0-7d3e9ba20d78,6.98,Machine Learning,"Tableau,SQL,Excel,PowerBI,Pandas,PyTorch",15,2,Data Analyst
c1bd360a-a07e-4336-bac6-ff284f1977b3,6.03,DevOps,"Azure,Python,Linux,TensorFlow,AWS",18,2,Cloud Engineer
c8c35bc4-6a2e-47eb-a804-98e2a8a71b52,6.44,Web Development,"Node.js,JavaScript,HTML/CSS,NoSQL,Azure",5,3,Web Developer
27cf9d95-c573-4cb2-b4a7-ad853874c18f,7.76,Machine Learning,"Pandas,Scikit-learn,SQL,NumPy,PowerBI,Kubernetes",18,4,Data Scientist
b7e8d30b-23da-47c5-a54c-c4d8435794d5,6.84,Data Science,"Pandas,SQL,Python,Excel,PowerBI,PyTorch,JavaScript",6,3,Data Analyst
12981ce1-a43e-42fd-9c96-63d90184b587,7.93,Artificial Intelligence,"Python,Scikit-learn,Docker",18,3,AI/ML Engineer
0a34ff1c-5266-4bb7-af12-40051349ee16,4.32,Artificial Intelligence,"SQL,C++,Python,Java,React",17,3,Software Engineer
382d70ae-64a9-4ad3-aacb-f22ff934c0c3,6.89,Data Science,"NumPy,Python,Tableau,Docker",10,3,Data Scientist
629d1191-9a9f-4804-a15e-b6cc5b0dbf68,6.18,DevOps,"Kubernetes,Docker,Pandas,Scikit-learn",14,2,Cloud Engineer
49d4b390-80c6-43f0-9009-0f605528a33d,6.72,Machine Learning,"Pandas,Tableau,Python,NumPy,Docker",12,2,Data Analyst
a4ee611c-ee7a-4f4c-b7b3-c4208b046ec7,5.49,DevOps,"Data Structures,Python,Kubernetes",6,4,Software Engineer
c8c70b7d-d0f1-4c48-96b2-c5cfc0e88d2b,6.03,Machine Learning,"TensorFlow,Mathematics,Python,JavaScript,PyTorch",9,5,AI/ML Engineer
c9c456a5-bd32-43c5-bfdc-0a494d632b65,6.56,Web Development,"JavaScript,Node.js,React,Angular,Tableau,Java,NumPy",9,2,Web Developer
5aeb466e-13e5-46a6-9f2e-172b1f690cd0,7.44,Artificial Intelligence,"Python,PyTorch,Scikit-learn,TensorFlow,Pandas,Git",8,4,AI/ML Engineer
a098eafe-0f8e-45d6-ac3f-7541a8ec5a12,8.19,Database Management,"Tableau,PowerBI,Pandas,Excel,React,Angular,C++",14,5,Data Analyst
0bae9b5b-c880-4399-8baa-6facb8549f65,8.58,App Development,"C++,Python,Java,Git,Tableau,PyTorch,Pandas",6,1,Software Engineer
ed609d9b-f033-4ba2-ab1b-1f488b5303a7,8.82,Web Development,"JavaScript,React,HTML/CSS,Angular,AWS,Docker",17,3,Web Developer
85ae26d6-89ce-4b15-bef2-678f125a402b,8.38,App Development,"Data Structures,SQL,Python,Git,TensorFlow,Angular,Pandas",6,2,Software Engineer
7db71194-0f03-4b03-ade7-7e55c147c327,8.13,Database Management,"PowerBI,SQL,NumPy,Angular",16,1,Data Analyst
e7fec6b9-7f03-4cfb-8be5-7e89f9f61012,7.52,Machine Learning,"Tableau,Excel,Pandas,Python,TensorFlow,SQL,Angular",11,2,Data Analyst
3ea45ffc-abde-4afc-8596-59d3ebc0a603,5.78,Data Science,"SQL,Python,Excel,Pandas,HTML/CSS,Docker,Java",19,4,Data Analyst
af75db4e-61d4-43a7-88fd-db1f45fd296c,6.32,Artificial Intelligence,"PyTorch,Mathematics,Scikit-learn,Python,NoSQL,C++,React",14,3,AI/ML Engineer
9c6af44b-fb9f-495b-91f8-34de892450a8,5.08,Database Management,"NumPy,Scikit-learn,JavaScript",12,5,Data Scientist
9e852ca1-3403-4018-89d7-84d01f1e99ee,7.67,Machine Learning,"NumPy,Scikit-learn,Python,TensorFlow,Docker,Azure,JavaScript",7,1,Data Scientist
6437c856-c6d7-491b-a0e0-2188b9a08697,7.49,Web Development,"Node.js,JavaScript,Docker",16,1,Web Developer
09999139-6d28-44fd-8c20-1eec70d4868b,8.82,Artificial Intelligence,"TensorFlow,Scikit-learn,PowerBI,Angular",15,5,AI/ML Engineer
f14532e1-5404-409d-8f7e-22101d0add54,7.32,Web Development,"Git,Angular,React",13,3,Web Developer
723caebd-39f8-42f5-b913-1d17699093c5,9.13,Database Management,"Git,C++,Python,Angular,NoSQL",13,3,Software Engineer
7a692d09-efb1-4321-b9c5-b09df2c40b34,5.47,Cloud Computing,"Linux,Docker,Kubernetes,Python,NumPy,NoSQL",17,5,Cloud Engineer
0d442892-e752-4e9e-bf79-51bff79c735e,9.85,Machine Learning,"Pandas,TensorFlow,SQL,Tableau,PyTorch,AWS",13,3,Data Scientist
5c72c5ea-dad5-49b9-acfa-2252b4e7060a,7.16,Artificial Intelligence,"PyTorch,Mathematics,Python,Scikit-learn,PowerBI,Git,NumPy",18,3,AI/ML Engineer
124081e2-ee2c-4680-8f34-ae8e776f97a4,6.41,Database Management,"Tableau,Pandas,Python,JavaScript,Docker",14,3,Data Analyst
4f1fb01c-7ee3-49cf-ad73-062ca5a3b8af,10.0,App Development,"C++,SQL,Data Structures,Python,NumPy,PowerBI,JavaScript",18,4,Software Engineer
60d91c20-d8ec-4d09-9cda-8fa53e36fb92,6.36,Machine Learning,"Mathematics,Scikit-learn,Python,TensorFlow,Angular,NumPy",5,2,AI/ML Engineer
e306cdca-f97e-4f5c-a8c5-336e1bed7b91,9.37,Web Development,"Node.js,JavaScript,HTML/CSS,Java,React",8,4,Web Developer
d48ebad0-c806-4a2f-a25d-a46e1245a372,7.91,Data Science,"Pandas,Excel,PowerBI,HTML/CSS,Java",12,2,Data Analyst
0ced579c-17bf-4b6f-a5c2-76b37ab8d123,6.32,Cloud Computing,"Azure,Kubernetes,Java,C++",14,5,Cloud Engineer
d159882c-3fd1-4715-a1b6-f7d2e5eb55b8,8.36,Machine Learning,"NumPy,Scikit-learn,Pandas,Tableau,TensorFlow,Python",12,4,Data Scientist
defbbfbc-fd2f-46cb-bc9f-6191b0ac30df,9.03,Database Management,"SQL,TensorFlow,Python",13,5,Data Scientist
ddc27c53-8b4a-4ab5-9c1d-4363296ffe3e,8.86,Artificial Intelligence,"TensorFlow,Python,Scikit-learn,HTML/CSS,NumPy",8,2,AI/ML Engineer
fd3c85bf-921f-488e-b88a-50f07536198d,7.97,Data Science,"Data Structures,C++,Python,HTML/CSS,NumPy",15,4,Software Engineer
bbf9333f-5973-460a-9dda-b3fa6e698f05,8.73,Web Development,"JavaScript,HTML/CSS,Angular",14,5,Web Developer
c3c7d04e-0a3c-4347-8b22-7d260b0c94f0,10.0,Cloud Computing,"Python,Docker,Linux,AWS,Git,Tableau",15,1,Cloud Engineer
84d0633b-2657-400f-8d6b-bbbe8d743eaf,6.7,Database Management,"Data Structures,Git,Tableau,Scikit-learn",16,5,Software Engineer
42d71aa0-b81e-4c9d-a31d-0b4ecf25e453,7.21,Cybersecurity,"C++,Git,SQL,Python,PyTorch,AWS",18,3,Software Engineer
cc94eddc-ec9e-4c6d-9552-40c236e736ef,8.9,Data Science,"SQL,PowerBI,Excel,Python,C++,Java,Docker",13,3,Data Analyst
e183c65d-ce69-4c06-bf91-a5989483d0f5,8.39,Cloud Computing,"Docker,Python,NoSQL",18,3,Cloud Engineer
a9edd618-2f24-46c1-90d0-ea2c822eb6d1,7.47,Artificial Intelligence,"Mathematics,Python,Tableau",5,2,AI/ML Engineer
a3098f25-0c88-448f-95fb-2c550b61cb76,7.96,Machine Learning,"PyTorch,Scikit-learn,SQL",5,2,AI/ML Engineer
72d61e5a-13e5-4552-800e-24ae5ae55b5a,8.16,Data Science,"SQL,NumPy,PowerBI,Git",16,1,Data Scientist
d61be012-6e87-4622-9d46-422593f60581,9.07,Data Science,"Pandas,Excel,Kubernetes",7,1,Data Analyst
682ca6c8-d0c9-41c4-8eae-b2b5635f760c,8.79,Machine Learning,"Scikit-learn,TensorFlow,PyTorch,Mathematics,C++,AWS,Git",11,2,AI/ML Engineer
2669175b-9d2c-4de0-be65-ae8a2bc3d7c2,6.91,Web Development,"Git,Node.js,JavaScript,React,Python,Azure,Angular",10,1,Web Developer
f6ea62d6-5292-4884-9bac-556b100c0a9d,7.2,Web Development,"React,Node.js,Angular,JavaScript,PyTorch,C++",7,1,Web Developer
28c2e307-66a6-4931-ad81-500dfe00002d,6.55,Database Management,"Scikit-learn,Python,Pandas,SQL,Git",7,4,Data Scientist
c8ab9743-38c9-413e-9b2e-2bbbb8d04d42,6.53,Web Development,"HTML/CSS,React,Java",11,5,Web Developer
8467502d-6ff2-43ae-a694-b8bb537d1759,8.43,Machine Learning,"Tableau,Pandas,Python,SQL,NoSQL,Java",20,4,Data Analyst
f95b08fe-1815-422d-ad98-a1f53f52ba29,8.28,Web Development,"JavaScript,React,Python,SQL",12,1,Web Developer
65bcdc81-ebcd-40ca-933d-57033567321b,6.2,Database Management,"NumPy,Scikit-learn,Python,C++",10,5,Data Scientist
4a65c58a-8448-4567-ad5f-48888cc1f917,6.54,Artificial Intelligence,"TensorFlow,PyTorch,Mathematics,Python,PowerBI,Git",20,5,AI/ML Engineer
962f7566-5f2a-4ecf-b2ff-ec636fdf3128,5.9,Web Development,"Java,Python,SQL,TensorFlow,Git",19,1,Software Engineer
0ce597ce-3b9a-4884-a82a-79597dfcad17,6.09,Data Science,"Excel,SQL,JavaScript",15,1,Data Analyst
47027756-ae33-4122-b36e-fa81ac4b5963,7.79,Web Development,"Node.js,Angular,Git",6,3,Web Developer
f75967d6-1272-44b9-b5d2-0c6c01b70e2d,6.84,Artificial Intelligence,"C++,Python,SQL,Java,React,NumPy,NoSQL",16,1,Software Engineer
cdfc683f-0496-4956-92dc-f3f06b1b80a7,8.98,Artificial Intelligence,"PyTorch,Python,Pandas,NumPy",20,4,AI/ML Engineer
2d1e4fbd-a45e-4055-b87b-856ca72b56bc,7.72,Machine Learning,"Python,Data Structures,Java,Git,PowerBI,SQL",7,1,Software Engineer
d2c50f9f-6326-4270-a2a4-2d52dac5f139,6.83,Data Science,"SQL,Python,Excel,Git,NumPy",19,2,Data Analyst
05973884-129a-4bf6-8caa-7e398252dbbb,5.53,Data Science,"Tableau,Python,SQL,Pandas,Azure,Scikit-learn,NumPy",13,5,Data Analyst
80b20948-621d-4170-a90e-3dba2de95d6b,6.41,Cloud Computing,"Data Structures,Java,SQL,Python,Tableau",15,2,Software Engineer
3acbfa8d-c725-45e5-949b-8a8623fdcedf,10.0,Cloud Computing,"Java,SQL,C++,Git,Azure,JavaScript,React",11,5,Software Engineer
e573c22f-5111-4fef-b737-8d4ae6567d45,8.03,Machine Learning,"Python,TensorFlow,PyTorch,Scikit-learn,Git,JavaScript,NoSQL",10,1,AI/ML Engineer
54be38f6-a24b-4537-8fbf-bc5fc6918cc6,8.21,Artificial Intelligence,"Scikit-learn,TensorFlow,Mathematics,PyTorch,JavaScript,Docker,Azure",12,5,AI/ML Engineer
6bdaf537-e0cc-49d8-8c40-0fd6b42c3e4c,8.76,Machine Learning,"Excel,PowerBI,Java",7,4,Data Analyst
4fa97ab4-1357-40d8-bd95-053616724f75,5.37,Database Management,"Python,Tableau,Kubernetes",7,3,Data Scientist
19a721f8-3853-47f4-b459-eddb7b9d8951,6.3,Cloud Computing,"C++,Data Structures,Git,Scikit-learn,JavaScript",9,4,Software Engineer
8c6ac3b9-e62b-4bd0-89bf-05c0b981a709,10.0,Machine Learning,"Python,Scikit-learn,Pandas",13,2,AI/ML Engineer
382eeeae-fde2-44d3-aeb1-bb436e439cbd,6.59,Cloud Computing,"SQL,Java,Git,Python,JavaScript,Azure,Tableau",6,1,Software Engineer
15c70251-b159-4ea6-91d1-9c52c1f5e2c3,5.55,Machine Learning,"Scikit-learn,Tableau,SQL,Python,Pandas,C++,Angular",18,4,Data Scientist
ca4caace-a436-42a6-a924-bb9056ed12e9,4.83,Cloud Computing,"AWS,Linux,Docker,Python,NoSQL,Git",10,1,Cloud Engineer
78e9b053-b632-4dd1-bafa-0f0f8e7be2b3,6.79,Data Science,"PowerBI,Python,NoSQL",9,4,Data Analyst
6f1a70e2-3b44-4137-9071-4edfc5436946,6.23,Web Development,"Angular,Git,AWS",15,3,Web Developer
2ea30a3b-8e10-4e31-b0eb-e8690140ff6d,9.5,game Development,"SQL,C++,React,Azure",9,1,Software Engineer
5c7f1de3-6a92-4a25-a31f-b4dd51a16909,8.42,Database Management,"SQL,Python,NumPy,Scikit-learn,AWS,C++",8,4,Data Scientist
9e498580-a8d7-404f-8f25-0e48c7e226f1,8.73,DevOps,"C++,SQL,Python,Java,Docker,Pandas,TensorFlow",18,3,Software Engineer
426d10b9-3104-4730-92e0-735c22298c72,9.13,DevOps,"Docker,Azure,AWS,Kubernetes,PyTorch,Pandas",7,5,Cloud Engineer
f101a54f-36f1-4572-9a19-209db3fe4807,8.57,Artificial Intelligence,"SQL,Data Structures,Java,Azure,Angular",17,2,Software Engineer
d1c13666-38fa-4f64-8032-8af0137b1bdd,5.79,DevOps,"Kubernetes,Linux,Azure,AWS,Java,TensorFlow",17,5,Cloud Engineer
c430202d-a42d-4204-b27f-53130eb30964,7.31,Cloud Computing,"Azure,Docker,Kubernetes,Python,Pandas",17,4,Cloud Engineer
1a54484d-66cb-465a-9079-713ab07b9a52,6.73,Web Development,"HTML/CSS,JavaScript,Scikit-learn",20,4,Web Developer
dbd384a9-c078-40e5-bd56-66a281b83090,6.12,Artificial Intelligence,"Mathematics,TensorFlow,Python,SQL,Angular",17,1,AI/ML Engineer
266fadbe-e119-4547-86ed-0abcbfa01d63,7.64,Web Development,"Node.js,Angular,Git,HTML/CSS,Kubernetes,Python",16,2,Web Developer
5032947e-8c32-4d8d-8f39-b03a36fd5b40,6.93,Machine Learning,"Pandas,NumPy,Scikit-learn,Python,PowerBI,JavaScript",20,4,Data Scientist
8b579236-0ca1-4051-9c1c-5337933483bc,5.79,Machine Learning,"PyTorch,TensorFlow,Scikit-learn,Mathematics,JavaScript,PowerBI,SQL",13,1,AI/ML Engineer
67455d94-637a-4ba8-83d2-a6432984a38f,5.6,Machine Learning,"Python,C++,TensorFlow,PowerBI",6,5,Software Engineer
14cb25b6-2a9c-4d10-961d-dd2abe56816a,8.15,Database Management,"NumPy,Scikit-learn,Tableau,TensorFlow,AWS,NoSQL",16,4,Data Scientist
0fda0154-b683-427d-a5a7-41066e127dbc,8.47,Web Development,"HTML/CSS,JavaScript,Scikit-learn,Angular",19,2,Web Developer
72a6d86c-4a37-449a-8cab-fa7383a0db26,7.78,DevOps,"Linux,Docker,TensorFlow,Git",16,4,Cloud Engineer
4e4eeee3-78b4-4cdd-aa85-5e6e3d1d7f4b,6.75,Data Science,"TensorFlow,Tableau,Python,Scikit-learn,Docker,C++,NoSQL",12,4,Data Scientist
d6eec0c8-5e9f-451f-b283-c0cb445b48b1,7.23,DevOps,"Python,Linux,Scikit-learn,PyTorch",19,3,Cloud Engineer
3881cd65-fedf-4869-b0e7-c71a1b80c864,8.9,Artificial Intelligence,"PyTorch,TensorFlow,Python,Scikit-learn,Pandas,Kubernetes,SQL",14,2,AI/ML Engineer
34e29839-383b-4d0a-b2e8-18d6ab3baef5,5.96,Web Development,"JavaScript,HTML/CSS,Kubernetes",10,2,Web Developer
9d0213d1-c9c6-43c1-89c8-f8856d656d78,7.54,Artificial Intelligence,"Data Structures,Git,Java,SQL,TensorFlow,Pandas",5,4,Software Engineer
8aa5e788-aa7c-4d6a-b5ad-e626efe1e4be,7.62,Machine Learning,"Pandas,Scikit-learn,SQL,NumPy,Kubernetes,PyTorch",10,4,Data Scientist
d78f091e-f81e-454d-a414-a4f6a3fb203a,7.83,Database Management,"Tableau,Excel,Pandas",17,2,Data Analyst
dc87c4d2-a505-4dc5-936f-ce7cfd224cde,7.64,Web Development,"Python,Data Structures,Docker",5,1,Software Engineer
b9593927-1822-469a-a3b9-53d2b5afb91a,8.69,Machine Learning,"Scikit-learn,Mathematics,PyTorch,TensorFlow,Docker,PowerBI,Pandas",9,1,AI/ML Engineer
945eea52-41a7-49a2-bdda-e45b64c640a8,6.05,Cloud Computing,"Azure,Docker,AWS,Python,NoSQL,HTML/CSS",16,2,Cloud Engineer
873faec0-a385-4672-9efa-9e1629b06fc3,8.18,Web Development,"React,Angular,Git",15,1,Web Developer
14e77e4d-f8bc-4221-bd29-17209b8f5fd0,7.64,Cybersecurity,"Git,Python,Java,C++,JavaScript,Pandas",19,5,Software Engineer
0af6de09-84f5-4943-b1b4-38b0d4bc9720,6.6,Cybersecurity,"SQL,Data Structures,NumPy",7,3,Software Engineer
2766b595-e6d4-4cfe-8e06-7db597386d22,7.79,Cloud Computing,"Docker,Azure,Kubernetes,AWS,Scikit-learn,NumPy,Git",17,1,Cloud Engineer
1423a086-36e8-4a2a-84e1-df1c1dce2433,8.71,Database Management,"Git,Python,PowerBI,NumPy",10,3,Software Engineer
0e241fc6-e888-45f2-acbb-eb4e1e5757fe,9.29,Machine Learning,"Python,TensorFlow,PyTorch,SQL,PowerBI",11,5,AI/ML Engineer
8f2570d8-5d7c-4ca5-abfe-70e841105b67,8.15,Machine Learning,"Python,Scikit-learn,Mathematics,TensorFlow,SQL,Angular",20,3,AI/ML Engineer
7a442c8b-c4e6-4751-b89a-83dee349dee7,8.24,Cloud Computing,"Python,Docker,AWS,Kubernetes,JavaScript,Git",7,4,Cloud Engineer
1dd3af3a-9d13-4f31-98c9-ca251dce685e,8.09,game Development,"Python,SQL,Git,Azure,Pandas",15,3,Software Engineer
91a0ae0a-7cf5-4f66-acfa-f80b3bb50d9e,6.69,Machine Learning,"Tableau,NumPy,SQL,Pandas,React,Azure,Git",19,2,Data Scientist
34807d5c-415b-49ac-8b25-375f5c227acd,5.92,Artificial Intelligence,"TensorFlow,Python,NumPy",14,1,AI/ML Engineer
51016c44-7723-4e9b-8566-97da70ec6f7f,7.03,Database Management,"Tableau,Pandas,Scikit-learn,NumPy,Azure,Angular,PowerBI",12,1,Data Scientist
8598ed31-bb86-4b14-b738-fc1c817a4ee5,7.94,Cloud Computing,"AWS,Kubernetes,Azure,Python,Java,Pandas,JavaScript",13,3,Cloud Engineer
36d4a9eb-b8e9-4e3c-929c-ab35189c2685,7.22,Database Management,"Pandas,SQL,Excel,PowerBI,TensorFlow,Tableau,Java",8,2,Data Analyst
54e5d24c-a914-4fef-9750-bc29ccd52656,7.72,Database Management,"Pandas,TensorFlow,SQL,Scikit-learn,Kubernetes,HTML/CSS,PyTorch",13,2,Data Scientist
7f270710-f189-4d3e-9622-2ce214463e15,8.41,DevOps,"Python,Azure,Java,JavaScript",11,4,Cloud Engineer
51622de8-f8bf-43b6-8c68-934560148bac,6.06,Machine Learning,"Tableau,NumPy,Pandas,Python,Git,C++",17,4,Data Scientist
31d457ac-023b-406c-b7d8-bab01bd58b5b,8.11,Machine Learning,"Excel,Pandas,Docker,Angular",18,4,Data Analyst
46485e90-5928-4c06-a2e4-c45a8ebd0a04,7.81,DevOps,"Python,Data Structures,HTML/CSS,AWS",16,3,Software Engineer
eb4ce5ed-71b0-4210-b8a1-f493bbe8d691,6.03,Cloud Computing,"Python,AWS,Tableau,Kubernetes",15,3,Cloud Engineer
df040ca6-95b3-4dfa-84ca-5a211aa6842b,7.49,Database Management,"Tableau,Excel,SQL,Pandas,HTML/CSS",12,1,Data Analyst
a4ad81cf-56b1-43df-9981-82dafc11fabb,6.23,Data Science,"PowerBI,SQL,Excel,Pandas,Docker,Angular",16,5,Data Analyst
5219c559-9a91-4a0b-9ff8-4c53eb1808fe,9.26,Cloud Computing,"Linux,Python,AWS,C++,NoSQL",16,5,Cloud Engineer
00a62a2a-485a-4cdd-b838-446d467b2e9c,6.43,Data Science,"Data Structures,SQL,Java,Scikit-learn,React",8,1,Software Engineer
a5fe3803-927a-4a2d-b1f4-b40126691ff2,6.73,Machine Learning,"SQL,Pandas,NoSQL",10,1,Data Analyst
4128016f-97c2-4200-8666-717467ac95ec,6.43,Database Management,"SQL,NumPy,TensorFlow,C++",5,5,Data Scientist
2d86b806-a1b4-4449-9623-540866ab3e22,7.26,Database Management,"SQL,NumPy,Tableau,Pandas,Kubernetes,Docker,Azure",16,1,Data Scientist
1ea1e584-0ee3-4bd4-bb28-c34404154503,7.94,DevOps,"AWS,Kubernetes,Docker,Azure,TensorFlow,NoSQL",15,4,Cloud Engineer
b904eb87-0d65-476f-92b2-247c781f5d10,8.32,Web Development,"Node.js,JavaScript,Git,React,HTML/CSS,Scikit-learn",15,4,Web Developer
a1587733-e3c6-4383-a0af-55593ed903c4,5.78,Artificial Intelligence,"Mathematics,Scikit-learn,TensorFlow,PyTorch,NumPy,Git",8,4,AI/ML Engineer
4c2d08fa-cd3e-4e88-ab97-406a55998969,9.17,Data Science,"SQL,NumPy,Scikit-learn,Tableau,Azure,TensorFlow,Pandas",19,2,Data Scientist
65f1d620-8110-42a0-b04b-e3c1510ea1fb,9.09,Data Science,"Java,Git,Scikit-learn,JavaScript",11,2,Software Engineer
b7dd318f-06a9-450f-9523-0e812491fcfa,5.51,Database Management,"SQL,PowerBI,Pandas,NoSQL,Git",5,5,Data Analyst
7349c4ef-ce86-4bf5-990b-56407ff5c237,6.96,Cloud Computing,"Git,Python,C++,Scikit-learn,TensorFlow",10,5,Software Engineer
308f0638-055c-438d-9aaf-5b82289e339e,7.79,Machine Learning,"Mathematics,PyTorch,Python,Git",20,3,AI/ML Engineer
6d1b32a7-ab1e-4dea-a7f2-e9e2f506ff48,7.13,Machine Learning,"Python,PowerBI,Angular",8,5,Data Analyst
0e185495-08a4-4865-9f99-377ae39830c1,6.43,Machine Learning,"SQL,Pandas,Excel,PowerBI,JavaScript,Tableau,HTML/CSS",11,1,Data Analyst
3a52f6ce-aa09-409c-82b9-cc7a157fc867,9.87,Cloud Computing,"AWS,Python,Kubernetes,NumPy,Angular",9,3,Cloud Engineer
1056aebf-dfaf-4988-be58-3c5488370767,6.45,Data Science,"TensorFlow,Scikit-learn,Pandas,NumPy,C++,Java,React",17,1,Data Scientist
481a1b88-8d02-4769-b222-4e403d6175b7,6.66,DevOps,"Docker,Linux,Azure,AWS,SQL,HTML/CSS",13,1,Cloud Engineer
8cdec0dd-1851-40b8-9d6b-783392a9f9bb,7.44,Machine Learning,"PyTorch,Scikit-learn,SQL,Pandas",13,1,AI/ML Engineer
1c3fca67-ff0b-42d0-9c92-3c9211c4e717,8.81,Web Development,"Git,React,HTML/CSS,Java,AWS",8,4,Web Developer
e34aca60-ca38-401e-9c43-b261b643b19d,6.56,Web Development,"Node.js,React,Azure,C++",20,5,Web Developer
8de46045-f5ce-4a2a-85ef-648d8fc1abb4,8.51,Artificial Intelligence,"PyTorch,Python,Mathematics,Scikit-learn,Kubernetes,Tableau",19,1,AI/ML Engineer
d5e50619-79da-4112-9f51-b1132d1255d5,7.95,Cloud Computing,"Kubernetes,Linux,Azure,Python,PyTorch,HTML/CSS",17,3,Cloud Engineer
ea886a25-9e10-4273-b34e-4480a75680ed,7.78,Machine Learning,"Excel,SQL,Pandas,Python,NumPy,Tableau,Angular",5,5,Data Analyst
5e3fe7ab-2ae8-4300-ac21-afbc71b3b2bb,8.88,Machine Learning,"Java,C++,Python,React,NoSQL",9,5,Software Engineer
665f24df-b4a5-4ad8-8a76-4a6104bbc6df,7.59,Machine Learning,"Pandas,Tableau,Python,Java,TensorFlow",10,3,Data Analyst
69e7a535-6fbb-4354-bf5a-1af510e07faa,9.6,Data Science,"Python,C++,SQL,Data Structures,Scikit-learn,Docker",20,5,Software Engineer
e42de703-0182-4799-aa0e-b6e75b7b7cf3,7.0,Cloud Computing,"Docker,AWS,Git",18,3,Cloud Engineer
217d4f4a-e7ba-43d4-b519-9edfa580c4c9,8.18,Web Development,"Python,Git,Java",18,3,Software Engineer
bb022786-7653-45b6-bed4-15fc628abbe4,7.15,Data Science,"Python,Tableau,Excel,Pandas,HTML/CSS,NumPy,Scikit-learn",19,3,Data Analyst
a96f35d6-7c3c-4cd4-94a1-e8e361f0e72e,8.23,Machine Learning,"TensorFlow,Mathematics,Python,React,HTML/CSS",9,5,AI/ML Engineer
72269925-9965-499c-b48a-887809e0a98e,7.16,Artificial Intelligence,"Scikit-learn,PyTorch,Python,TensorFlow,SQL,React,NumPy",9,1,AI/ML Engineer
559f903d-9c98-4936-91d4-1988491e1ad7,7.35,Web Development,"Angular,React,HTML/CSS,Azure,Git",7,2,Web Developer
5317139b-2ec2-4300-9ac2-18356b1dd112,7.18,Data Science,"PowerBI,Python,Java",9,4,Data Analyst
43e33c0b-3cec-4325-9acf-3ac454282f29,10.0,Data Science,"SQL,Python,Tableau,Excel,React,C++,Angular",18,5,Data Analyst
4ff9d97f-2ea1-48f5-84bf-c5646f93d1c1,5.14,DevOps,"C++,Python,Java,Kubernetes,React",20,1,Software Engineer
bbf27e39-2d9b-4ce9-a3c8-001540f0282e,8.2,Machine Learning,"Pandas,Python,NoSQL",11,2,Data Analyst
b2e58bd4-e6dd-4d99-ad04-4dd6cae69382,6.08,Web Development,"Angular,React,TensorFlow,Scikit-learn",5,4,Web Developer
9b77618a-3486-4ccb-8bb3-ce9d6528dac6,5.65,Artificial Intelligence,"Mathematics,Scikit-learn,TensorFlow,Angular,Pandas",6,2,AI/ML Engineer
a3a1bd86-63ec-4a1f-9674-9140937a8da5,8.21,Web Development,"Git,HTML/CSS,Angular,Azure,Scikit-learn",10,3,Web Developer
1b6e5dac-fdfc-4e5a-a51f-ea7868033759,6.32,Web Development,"Angular,HTML/CSS,Node.js,Git,Tableau,NoSQL,React",10,4,Web Developer
32d03b70-68fa-490a-a9b1-228596a51450,9.01,Database Management,"Python,NumPy,Scikit-learn",19,3,Data Scientist
6cbb987a-0f0d-4101-9982-1c943c030092,8.08,Cloud Computing,"C++,Git,Data Structures,SQL,HTML/CSS,NoSQL",18,5,Software Engineer
9fb2dec8-15bc-4bc9-ba74-31f60222d291,5.88,Database Management,"Data Structures,Git,Java,C++,Kubernetes,Docker,React",10,4,Software Engineer
a1e334cf-21da-4c8a-92c9-b1da84d20f91,8.87,DevOps,"Kubernetes,Azure,NumPy",8,2,Cloud Engineer
215380ae-ed62-4551-ab87-eaf321d8033f,7.21,Web Development,"HTML/CSS,Node.js,PowerBI",16,1,Web Developer
ffd403f7-460d-47a4-83f1-cbbba082349b,7.95,DevOps,"Python,Azure,Pandas,SQL",15,2,Cloud Engineer
daa37b8a-3d58-4b22-a481-4c10371cfdce,6.83,Machine Learning,"TensorFlow,Scikit-learn,HTML/CSS",6,3,AI/ML Engineer
8d7f170c-02ad-4d35-98ca-f21474d81634,7.74,Database Management,"Python,SQL,Pandas,Tableau,NumPy,Kubernetes,JavaScript",5,5,Data Scientist
dc7b6b4e-f47c-4782-9af1-a08173949d48,7.71,Database Management,"Excel,PowerBI,SQL,Tableau,NumPy,React",13,2,Data Analyst
561c1ad8-6af8-42ae-bd91-c1fd67df3fc6,6.1,Database Management,"Scikit-learn,NumPy,SQL,Tableau,NoSQL,AWS,Docker",20,2,Data Scientist
5a7f2ea7-650a-49d6-a6b8-cca907b90c20,6.81,Cloud Computing,"Linux,AWS,Tableau,Git",18,2,Cloud Engineer
6d588f3f-64f2-4bc3-ad6f-44eb88f3c288,6.31,Web Development,"Node.js,React,PowerBI,Python",15,4,Web Developer
42bd311d-0043-4103-b388-d429312d54c6,8.85,Web Development,"HTML/CSS,JavaScript,Git,Angular,React,PyTorch",19,1,Web Developer
367a00d7-1f3e-4d68-af0e-f33a5863dc83,8.26,DevOps,"Azure,Linux,AWS,Python,Scikit-learn,Git,PyTorch",19,3,Cloud Engineer
3a763577-f6cb-4e95-90e7-0cc089ac4247,9.52,Machine Learning,"Mathematics,TensorFlow,Pandas",12,5,AI/ML Engineer
f32222e0-8265-4d5c-b477-2502d5a8fbe9,7.5,Database Management,"SQL,Python,JavaScript,Scikit-learn",17,1,Data Analyst
1cac159f-66ed-4c9f-9cc0-25195f0e09d8,8.07,Web Development,"Angular,React,Docker,JavaScript",14,3,Web Developer
4a719dd7-8f7d-42ac-9a16-560b53d868f4,6.73,Web Development,"HTML/CSS,Node.js,SQL,C++",10,4,Web Developer
9ecd2132-f2bd-48fe-a1ee-6833b4cb77f6,8.59,Data Science,"Excel,Python,Kubernetes,Scikit-learn",10,2,Data Analyst
0c07c2bc-df96-4402-8bfa-3417cdc51315,7.68,Artificial Intelligence,"Mathematics,Scikit-learn,Tableau",9,3,AI/ML Engineer
d0e02e46-187a-4a75-b2eb-50df2f896e44,9.26,game Development,"Data Structures,Git,Java,SQL,TensorFlow,HTML/CSS",16,1,Software Engineer
5dcfa7ab-b4b7-4171-9194-ccd7a9001df2,8.75,Machine Learning,"SQL,Python,Scikit-learn",16,4,Software Engineer
a151778e-1694-46b9-8618-eaf099a15199,6.94,Machine Learning,"NumPy,Pandas,TensorFlow,Scikit-learn,Docker,NoSQL",17,2,Data Scientist
15f0aa09-5992-4bbc-b10c-f301c33ca2eb,8.83,DevOps,"Azure,Python,Linux,Kubernetes,NumPy,PyTorch,Angular",16,2,Cloud Engineer
c618474c-34ba-425e-831b-61c15937ee19,8.79,Data Science,"SQL,Excel,PowerBI,Python,NumPy,Azure,HTML/CSS",14,3,Data Analyst
f92d2cbc-1245-43d5-b3c9-d6ac6f545f34,7.07,DevOps,"Data Structures,Java,JavaScript,NumPy",18,1,Software Engineer
311bcb4a-dd5d-4a57-940c-87e26c800300,7.72,Web Development,"HTML/CSS,Git,Tableau,Scikit-learn",5,3,Web Developer
92f3af95-039f-467a-8e65-bb2f16771ed9,7.52,Data Science,"NumPy,TensorFlow,Python,C++,Git",14,2,Data Scientist
e7555cec-372e-4f06-8ccd-b444bbd515ab,7.61,Data Science,"C++,Git,Data Structures,Java,React,JavaScript,Azure",11,3,Software Engineer
1ed15597-ea3a-43a8-a17c-da76b64be5b7,4.99,Artificial Intelligence,"Data Structures,Python,SQL,C++,NoSQL",15,1,Software Engineer
fec33aa3-477b-43ce-a8d8-08feb83fcf17,8.86,Data Science,"SQL,Git,Java,Python,PowerBI,Tableau,Pandas",11,4,Software Engineer
62eb927a-2991-444b-acbe-ba141cfda4a0,5.52,DevOps,"C++,SQL,Python,Java",15,4,Software Engineer
b29a09e4-fe38-477a-a61b-a062db28087f,6.68,Artificial Intelligence,"Python,TensorFlow,Mathematics,PyTorch,Git,Azure",11,4,AI/ML Engineer
5fcd92fc-2411-4332-8b25-dd2dbc741ed9,9.18,Database Management,"Tableau,SQL,NoSQL,Azure",12,4,Data Analyst
02c41de6-6d1b-429f-ab14-36fffbdb5083,8.91,Machine Learning,"Mathematics,PyTorch,Pandas,Python",6,1,AI/ML Engineer
b1aa2890-512a-44dc-b616-6dcbe634112d,8.34,Web Development,"Angular,React,NumPy",7,5,Web Developer
6f90300d-5455-4d24-bf2e-4e13c5ea0ef8,5.96,Cloud Computing,"Python,Docker,Azure,PowerBI,Tableau",9,2,Cloud Engineer
db0dca4b-9327-4c1d-adef-6b59685552ec,7.59,App Development,"Git,Java,PyTorch,Pandas",19,1,Software Engineer
be27a47e-cbfb-4ebe-8a81-3d18551f3fc9,7.6,Cloud Computing,"Azure,Linux,JavaScript",10,1,Cloud Engineer
08072f09-bb66-48e8-8444-87bfad2fdf91,5.88,Database Management,"Pandas,SQL,Python,Excel,Java,AWS",16,3,Data Analyst
46116f07-dd2e-4b7d-b1b0-a4d382ea50f8,7.14,Machine Learning,"PyTorch,Python,Pandas",7,3,AI/ML Engineer
1e279c58-9925-44bc-8cda-da4139f0d171,9.53,Web Development,"HTML/CSS,Git,React,NumPy,Python",12,5,Web Developer
99c09eaa-fade-4128-9194-b4762e751bb1,6.86,Database Management,"Tableau,PowerBI,Python,Git,SQL",7,3,Data Analyst
89f100f4-d738-4892-85a8-74873d131fe0,7.22,Data Science,"Python,TensorFlow,Pandas,Scikit-learn,PyTorch,Docker,PowerBI",16,4,Data Scientist
5f1ea51b-c175-4976-a7ed-dfd4c431a73a,7.96,DevOps,"Python,Linux,Azure,AWS,Scikit-learn,PowerBI",5,1,Cloud Engineer
93f85b03-ff54-49da-b672-2ac46a1111ab,8.19,Machine Learning,"Tableau,NumPy,NoSQL",14,5,Data Scientist
dfa10863-28c1-448b-a22a-a6933f530f71,8.31,Data Science,"Data Structures,Git,SQL,C++,Scikit-learn,NumPy,Java",6,2,Software Engineer
9bb7ab05-818e-473d-9458-3162ecc4064b,7.72,Data Science,"Tableau,NumPy,TensorFlow,Scikit-learn,PowerBI,React",20,5,Data Scientist
ddd3bec8-c66c-4743-8362-4a1f3c00a819,8.89,DevOps,"AWS,Python,Pandas,React",20,1,Cloud Engineer
2e17c4d6-a9a9-4034-ab52-83366f389c8e,6.61,Machine Learning,"PyTorch,Mathematics,NoSQL,Java",19,3,AI/ML Engineer
b346d186-0d0f-4210-b251-e873fec809a6,9.22,Web Development,"HTML/CSS,Git,Node.js,C++,Docker",7,3,Web Developer
199abdb0-a905-4b74-9e74-90e14d6c7629,4.0,DevOps,"Linux,AWS,Python,Pandas,Docker",13,1,Cloud Engineer
99b34649-abd3-4e26-bb39-5514e0fe56e5,7.35,Cloud Computing,"AWS,Docker,Python,Linux,C++,NumPy,Java",6,4,Cloud Engineer
f1d870b2-be1b-4912-ba81-a46f58970afb,8.06,Machine Learning,"NumPy,SQL,TensorFlow,Scikit-learn,Tableau,Git,PyTorch",13,5,Data Scientist
7923896a-463a-4e22-8b58-174e2b98912b,7.51,Database Management,"PowerBI,Excel,Tableau,Kubernetes,React",15,2,Data Analyst
84841a10-f721-4f79-9e47-7e63a5ab2267,9.11,Web Development,"React,Git,JavaScript,Scikit-learn,Kubernetes",7,3,Web Developer
6a187807-70ae-436c-8391-b19d0d4519ed,6.41,Database Management,"Tableau,Pandas,TensorFlow,SQL,PowerBI,C++,Git",13,4,Data Scientist
31d3aecc-d3be-44ce-8664-253f70f0af0d,7.1,Database Management,"Tableau,SQL,PowerBI,Excel,NoSQL,C++,Azure",13,1,Data Analyst
53a1fbc5-aacc-4e47-a5b4-e6d34a46d2cf,9.8,Cloud Computing,"Java,Data Structures,Python,C++,NoSQL",16,1,Software Engineer
f6d66002-32a6-41eb-92b6-e14deae0943a,5.47,DevOps,"Azure,Linux,Tableau",9,3,Cloud Engineer
5722a275-d69c-4e98-a2f6-adf8296b9b5d,8.96,Cloud Computing,"Linux,AWS,Docker,JavaScript,Azure",6,4,Cloud Engineer
e0128e69-4529-4468-93bb-9f4a1bb90ceb,7.81,Database Management,"Excel,PowerBI,HTML/CSS,Angular",5,1,Data Analyst
c5ab05bc-ee5a-4e86-800e-0331afe00908,6.89,Artificial Intelligence,"TensorFlow,Python,Mathematics,Azure,Angular",12,1,AI/ML Engineer
d87d3f7d-5957-45ae-a1c8-b97e570abd61,7.2,Data Science,"NumPy,Tableau,Git",8,1,Data Scientist
91082c39-09f1-4a08-93eb-4938385cf69d,5.52,game Development,"Java,Git,Python,PyTorch",6,2,Software Engineer
00a18f92-8eaa-45c7-9667-0f23b5b71a81,7.7,Machine Learning,"Excel,Tableau,Azure",17,2,Data Analyst
d3a9feb3-6695-4f21-af96-e8cf46d3628c,8.07,Machine Learning,"Pandas,Tableau,Java,TensorFlow",19,3,Data Scientist
5529330e-3fca-43c3-a9b2-e42b98290de4,7.9,Web Development,"Node.js,React,JavaScript,Tableau,Python",19,1,Web Developer
a14c1b1a-b64f-44cd-912b-56b58d914310,7.61,Web Development,"JavaScript,HTML/CSS,Scikit-learn",6,2,Web Developer
a8f4cb93-6f6a-4aa8-8fe6-835736aff6a9,8.07,Database Management,"SQL,PowerBI,Pandas,Tableau,JavaScript,HTML/CSS",14,2,Data Analyst
46ff7fef-3893-4eb5-bfb2-ccb3785f9c1c,6.37,DevOps,"Azure,Linux,Kubernetes",14,5,Cloud Engineer
d350c05f-e085-4e8c-9577-0ed480284277,7.25,Machine Learning,"PowerBI,Excel,HTML/CSS",18,2,Data Analyst
40e5bb46-b710-422e-8b5b-66776cf15b5d,8.35,Machine Learning,"Tableau,PowerBI,Azure",20,3,Data Analyst
24db6a5b-e03b-4f23-99a8-4f09a0c31996,7.8,Machine Learning,"Mathematics,Scikit-learn,TensorFlow,Python,Pandas,SQL",12,1,AI/ML Engineer
97f59f8f-e2ea-41d4-a01d-bbc986ac47fe,6.82,DevOps,"Python,Linux,AWS,Kubernetes,PyTorch,PowerBI",17,3,Cloud Engineer
4d752abc-2691-434b-b56a-78ffa5ba081d,8.21,Data Science,"SQL,Pandas,Kubernetes",16,1,Data Scientist
561513d5-0289-4a4d-8028-f52d084825f1,6.84,Machine Learning,"PyTorch,TensorFlow,Scikit-learn,Python,Tableau,Kubernetes,HTML/CSS",8,4,AI/ML Engineer
3b31c3cf-341d-4bc0-af46-adf3d9f513ab,7.12,Machine Learning,"Pandas,Tableau,TensorFlow,Python",11,3,Data Analyst
3a385408-e33b-4dee-b57c-39b66086ce8b,6.57,Database Management,"Python,PowerBI,Tableau,Angular,Docker",9,2,Data Analyst
9dd0ffef-5ffa-4b46-b343-56be39ab4ece,8.62,Web Development,"React,Angular,Git,Node.js,PowerBI,NumPy,C++",17,2,Web Developer
b7aaeaa2-5124-4a7e-b5b9-e6ad8f86fcfc,7.9,Web Development,"JavaScript,Angular,React,C++,NoSQL",13,3,Web Developer
08c74ab7-8505-4e5a-bfd3-d7636c0beff2,7.37,Artificial Intelligence,"Scikit-learn,PyTorch,Python,TensorFlow,NumPy,C++,Git",12,4,AI/ML Engineer
ae1f8aa1-c9ef-43ae-982c-6acd653263fe,7.6,Web Development,"JavaScript,Node.js,TensorFlow",14,5,Web Developer
03a9febd-f282-4914-90b4-a91c2137090b,6.65,Database Management,"Excel,Python,Tableau,PowerBI,Docker,Scikit-learn,AWS",18,3,Data Analyst
331e71db-5860-4b48-96c3-2338c1ce5630,6.7,Data Science,"PowerBI,Pandas,Excel,SQL,Tableau,Scikit-learn,PyTorch",11,1,Data Analyst
debdc41e-bda3-4ffa-bca4-fb8b00cbef5d,7.41,Machine Learning,"Python,Mathematics,TensorFlow,Pandas,AWS",19,1,AI/ML Engineer
038572a9-3218-4465-92ae-d50f1d960333,6.07,Web Development,"SQL,Data Structures,NumPy",20,5,Software Engineer
807e3da3-a8ee-4120-860c-2f4bf9635c2b,7.37,Data Science,"SQL,Tableau,Pandas,TensorFlow,Docker,React",16,3,Data Scientist
fbf96060-aa06-4fd8-b725-a0154d4b068f,8.32,Machine Learning,"Tableau,TensorFlow,Python,NumPy,Scikit-learn",7,5,Data Scientist
149fbde1-7265-4fac-8d7a-f3c6d4c06ba4,6.89,Data Science,"Excel,SQL,Pandas,PyTorch,Azure",10,5,Data Analyst
522f59cf-9652-45a2-9d3d-5b72d64116e7,7.36,Cloud Computing,"Kubernetes,AWS,Docker,Azure,Angular,PowerBI",19,3,Cloud Engineer
61e95856-a674-4332-9571-bd05bc4836ff,6.61,Web Development,"React,Node.js,Git,Angular,C++,Python,PyTorch",19,1,Web Developer
fe4b7b07-abb9-4dbf-a4bc-60d572cf9562,7.6,Machine Learning,"Mathematics,TensorFlow,Python,React,Scikit-learn",7,5,AI/ML Engineer
195c9ef7-0ffc-4e51-a746-8f204e5e8bd2,8.98,Machine Learning,"Scikit-learn,PyTorch,TensorFlow,Mathematics,React,SQL,Git",13,1,AI/ML Engineer
0fa78ce9-b7e1-41ca-8c9d-713d0fae1235,5.01,Web Development,"Angular,React,HTML/CSS,Node.js,Pandas,AWS,Java",10,4,Web Developer
ae98c20a-1744-4835-90ce-31cce47e2189,8.95,Web Development,"React,Angular,SQL",6,3,Web Developer
8112c4ef-481f-4029-ae4c-47c70d4f5aae,8.12,Artificial Intelligence,"Java,SQL,Data Structures,Python,HTML/CSS,NumPy,C++",11,2,Software Engineer
3e13407c-0b4e-4a5e-a66e-7265f6f34311,7.94,Database Management,"PowerBI,Excel,SQL,Tableau,Azure,TensorFlow",11,5,Data Analyst
7db74210-966e-41ad-925f-2d8a203f1148,9.62,Artificial Intelligence,"Python,C++,Java,Git,Scikit-learn,Docker,Pandas",8,5,Software Engineer
c692ff5a-91c1-442b-99b1-55c71e33721d,8.15,Cloud Computing,"Python,C++,Tableau",15,1,Software Engineer
ddc22ad9-9208-4ece-8b4c-99f2ab7345cd,5.46,Artificial Intelligence,"Mathematics,Python,Scikit-learn,Kubernetes",14,1,AI/ML Engineer
60003b1f-4514-463e-826b-00cb1879f6b3,6.57,App Development,"Java,Data Structures,Python,Git,AWS,TensorFlow,Tableau",9,4,Software Engineer
0a66b0d7-2add-4db2-8b4a-60306ea2202a,9.66,Cloud Computing,"Azure,AWS,Python,Linux,C++,Kubernetes,Angular",12,2,Cloud Engineer
cf34b35c-12fc-4e0a-8a3d-f900a45a8d0d,6.48,Web Development,"Angular,Node.js,NumPy,Python",15,5,Web Developer
664b8516-92b3-410f-b664-dae7e3b48251,7.22,DevOps,"Kubernetes,Linux,TensorFlow",12,2,Cloud Engineer
c4915bfc-c270-4acb-aa0a-23e0002d83ec,8.44,Database Management,"Python,TensorFlow,Pandas,Scikit-learn,PyTorch,React",6,3,Data Scientist
61fadc1b-1987-4bd4-9b0b-c0569e4abd39,10.0,Web Development,"Git,Node.js,Tableau",13,5,Web Developer
3dc43681-f019-4fab-9142-ba1fdff6e2a4,5.34,Data Science,"Tableau,SQL,Excel,Python,Azure,PyTorch,HTML/CSS",20,3,Data Analyst
a4f44673-8530-47ff-aefc-b7240d382d4e,10.0,Machine Learning,"NumPy,Scikit-learn,TensorFlow,Pandas,NoSQL,Python",6,1,Data Scientist
48b174ec-a423-4cbc-9e95-dcb22a780cab,8.08,Machine Learning,"TensorFlow,Scikit-learn,PyTorch",18,2,AI/ML Engineer
2f3b995f-d004-4169-9f41-94fca3936d41,6.78,Database Management,"SQL,Tableau,PowerBI,Pandas,C++,Docker,Python",8,1,Data Analyst
84aabb9b-3955-4e76-8822-34cbe6786ab7,6.3,Web Development,"Node.js,JavaScript,Python,Kubernetes",6,2,Web Developer
ef5195e0-505d-4d39-bb41-cb1632de7191,6.53,Web Development,"Git,HTML/CSS,Angular,React,PyTorch,Docker,Scikit-learn",9,3,Web Developer
2fa517c7-25c9-4f80-a780-bf6c3ea53ad0,6.63,DevOps,"Docker,Linux,TensorFlow",14,4,Cloud Engineer
b2c6f9f3-f396-432f-9815-b494656f0669,7.18,Cloud Computing,"Azure,Docker,Linux,Python,NoSQL,Angular",17,2,Cloud Engineer
341f7c84-55f0-477e-8f50-8dfefc7b9436,7.44,Web Development,"Angular,JavaScript,HTML/CSS,React,Azure,Kubernetes,Git",10,3,Web Developer
9bc8f188-7e5f-47e1-9069-defd53e8eceb,7.72,Machine Learning,"TensorFlow,SQL,Angular",5,2,Data Scientist
aa1c4741-c3c7-47bb-9867-86bfe123dc33,7.32,Cloud Computing,"AWS,Docker,Angular,C++",9,2,Cloud Engineer
9d922319-9800-44f6-b26c-464198a671f2,7.28,Web Development,"React,Node.js,JavaScript,HTML/CSS,Java,AWS,Angular",20,2,Web Developer
04510a34-4c0e-42ef-920c-bbc853202a73,8.72,Machine Learning,"Tableau,Excel,Kubernetes",10,1,Data Analyst
cf09da4a-c814-4371-9abd-c062f01f824c,8.16,DevOps,"Azure,Linux,Python,NoSQL,Git",15,2,Cloud Engineer
b59d8032-1a5c-48c6-b289-c604fe919347,7.63,Machine Learning,"C++,Python,Git,SQL,PowerBI,Angular",12,1,Software Engineer
286496e6-c199-4c67-9f9f-38b34c790ed4,7.35,Database Management,"Scikit-learn,SQL,NumPy",16,3,Data Scientist
72a5d4d2-770e-436b-845e-65f9093990aa,5.22,Web Development,"Java,C++,Data Structures,NoSQL,React",7,4,Software Engineer
00033a52-0de6-4793-81f4-297744415c7e,7.47,DevOps,"C++,Git,Scikit-learn,PowerBI",9,5,Software Engineer
c888820c-e3ac-499e-bb22-54843f8f55f1,8.85,Database Management,"SQL,Tableau,Python,Excel,NoSQL,AWS,PowerBI",5,1,Data Analyst
6f291c14-6be0-4f41-a209-95935bbb0ec1,7.87,Cybersecurity,"SQL,Git,Python,Data Structures,TensorFlow,NumPy,Angular",7,4,Software Engineer
9094d255-9b66-4944-a451-5468cd6f36d0,6.76,Machine Learning,"Python,Scikit-learn,Java",6,4,AI/ML Engineer
186e6ba9-aee0-46ca-a524-687b77ecb6b4,10.0,DevOps,"AWS,Kubernetes,Docker,Azure,Scikit-learn,TensorFlow,NoSQL",19,5,Cloud Engineer
8dcab848-8f32-42b3-92ee-c23e433d3469,5.83,Web Development,"Node.js,Angular,NumPy",7,3,Web Developer
a47f857f-3d04-4481-87cf-a31859fbac77,8.1,Web Development,"React,HTML/CSS,JavaScript,Angular,Pandas,PowerBI",6,1,Web Developer
6f719e18-aa9b-4848-99d7-90ea7d49edfd,8.09,Database Management,"SQL,Excel,PowerBI,Tableau,NoSQL,JavaScript,HTML/CSS",12,3,Data Analyst
723ab1a5-1f83-4b46-9d1f-22b5f94c87db,7.07,Web Development,"HTML/CSS,Git,JavaScript,Angular,NumPy,C++",16,1,Web Developer
c8f9ea92-a4b2-4609-8398-885f9a80d13a,8.8,Database Management,"SQL,Python,NumPy,Kubernetes,Git",16,5,Data Scientist
d783d945-b60b-4b7c-8ad9-7b319ef0c1c5,9.4,Data Science,"Pandas,Scikit-learn,NumPy,TensorFlow,Kubernetes",17,5,Data Scientist
67688c5c-1751-4a8b-a484-7c0001e19269,8.23,Database Management,"Pandas,PowerBI,HTML/CSS",10,3,Data Analyst
622639d5-c1a0-4124-89b1-d938e859b703,6.1,Database Management,"SQL,Python,Git,React,NoSQL",9,1,Software Engineer
4606fded-16c7-4600-9c6a-379fecc7f718,8.1,Database Management,"Excel,SQL,Python,Angular,Tableau",11,4,Data Analyst
74bb707e-3df2-4e79-aa78-2abe3a2d2bbc,7.03,Machine Learning,"Excel,Tableau,Docker,Kubernetes",5,2,Data Analyst
0dfebd81-5ab1-4698-8c72-efdd68be7cfa,9.15,Web Development,"JavaScript,Git,Angular",12,3,Web Developer
0a4fe8d0-8504-41b2-91fc-3e7372b76dab,7.71,Machine Learning,"PyTorch,Python,Pandas,NoSQL",15,2,AI/ML Engineer
5f6ab1aa-b446-4eab-bf63-62553bb67a34,8.98,Machine Learning,"Mathematics,Python,TensorFlow,NumPy",19,4,AI/ML Engineer
1bd3e97f-830e-493f-82e6-0797d99750bc,6.67,Database Management,"Tableau,Excel,Python,Azure,Angular",9,5,Data Analyst
6ec779e1-723e-480d-a7a4-f5de9d2e4363,5.95,game Development,"Java,SQL,TensorFlow,Tableau",11,4,Software Engineer
dccd09c7-caab-4f7c-8c0d-b48992e3da5d,6.94,Web Development,"C++,Data Structures,SQL,Python,Git,React",19,2,Software Engineer
8ff0805a-4ae5-42a1-b844-ce652bb0c45c,5.2,App Development,"Java,C++,Tableau,Kubernetes",9,5,Software Engineer
62781ba1-a182-4e39-80ec-8dacb2dbea03,6.73,Data Science,"Python,Excel,SQL,React,Java",17,4,Data Analyst
5b4e6add-140c-4e6a-b7bf-ab98d8f001bf,8.29,Database Management,"Tableau,PowerBI,JavaScript,HTML/CSS",19,5,Data Analyst
1781b9e0-62a7-4eaa-900c-6bbd5fbbb1b5,7.1,Cloud Computing,"Docker,Python,Azure,TensorFlow,AWS",16,4,Cloud Engineer
ee346f9a-5a54-48b9-aca0-aff6e1932f2c,4.77,Artificial Intelligence,"Scikit-learn,PyTorch,Pandas,AWS",6,3,AI/ML Engineer
729015f3-adb2-46cc-8f0e-d7ca4966a304,10.0,Web Development,"Java,C++,Pandas",8,5,Software Engineer
fdf11bb7-3270-4ff7-9ae5-888c1c1a78af,7.46,Data Science,"Tableau,SQL,Python,Excel,Scikit-learn,Pandas",15,4,Data Analyst
664595e3-05db-422c-8efc-5085233113b8,4.82,Data Science,"SQL,Scikit-learn,PyTorch",16,5,Data Scientist
332f8f52-a364-4a19-8823-e51a1433bb20,5.08,Web Development,"Git,Angular,HTML/CSS,JavaScript,Pandas,Kubernetes",14,3,Web Developer
76a0e603-86aa-4d65-bba9-7e1597c6e468,7.74,Machine Learning,"TensorFlow,Scikit-learn,Python,Kubernetes,JavaScript",5,5,AI/ML Engineer
e34d89fe-6658-41d9-99a9-8b8eeaa252a3,7.3,Database Management,"Tableau,PowerBI,JavaScript",11,2,Data Analyst
c28cbcfb-39cb-4a6e-bf9e-5e6fe9d430a3,8.8,Database Management,"Python,Pandas,Angular",5,3,Data Analyst
f65b553e-c732-48cf-b269-ba7e7232afd7,7.2,Artificial Intelligence,"Mathematics,TensorFlow,Azure",7,3,AI/ML Engineer
e3601d48-68fd-49fb-95b9-54c61c949548,7.82,Web Development,"C++,SQL,Python,NumPy,Angular",10,1,Software Engineer
343b09b8-9d70-4689-a5b5-91164f9916f9,6.39,Artificial Intelligence,"SQL,Data Structures,Python,C++,Kubernetes,Git,PowerBI",5,2,Software Engineer
5f8c7a8b-e9d4-4750-8040-c0a80c0a0c04,8.08,Machine Learning,"Tableau,Excel,SQL,Python,Git,Scikit-learn",14,4,Data Analyst
791410af-07e3-43fd-9863-84218e68adce,7.34,Web Development,"HTML/CSS,Node.js,JavaScript,React,Kubernetes,PyTorch,AWS",17,4,Web Developer
d764ea73-e48d-48a3-bc4e-1f37225ef76d,7.03,Database Management,"Scikit-learn,TensorFlow,SQL,Tableau,Azure,NumPy",7,1,Data Scientist
d03de8c0-3499-47aa-a986-c49be308688c,6.73,Database Management,"PowerBI,Tableau,SQL,AWS,Java",11,3,Data Analyst
a543b808-186f-45c3-9930-0defa70f71d2,6.81,Web Development,"JavaScript,React,Scikit-learn,Azure",20,5,Web Developer
d7dfc4a5-26ad-448a-a542-efeb2abd8871,7.62,Machine Learning,"Python,Excel,Tableau,PowerBI,Azure",17,2,Data Analyst
fb67a626-7c08-49de-a694-14120d3f1e52,7.7,Web Development,"Angular,JavaScript,React,HTML/CSS,SQL,PowerBI,NoSQL",18,3,Web Developer
814a0b34-c6a7-414c-9b07-f25f8dc7becc,6.42,Machine Learning,"PowerBI,Excel,Kubernetes",19,2,Data Analyst
8c39bfa5-a017-4ba4-81a8-3c002b2385e7,8.44,Web Development,"React,JavaScript,HTML/CSS,Git,PowerBI,Scikit-learn",19,4,Web Developer
e66a35f5-b461-4081-b19e-9c939fc74742,6.13,Data Science,"Tableau,Pandas,Git",12,1,Data Scientist
3676a067-adfb-476c-a47d-cfbe845d07a7,6.68,Database Management,"Pandas,Tableau,Java,Azure",6,5,Data Analyst
542295ed-b54a-4a4d-82bf-f8c78566ef4e,7.08,game Development,"Git,SQL,Python,NoSQL,Azure",17,3,Software Engineer
7756db45-51eb-44ea-a938-0697bc28a074,7.52,Web Development,"Java,C++,React,NumPy",13,5,Software Engineer
587abb4e-7c1d-4a51-9a85-c2ae471c0fae,7.49,DevOps,"Kubernetes,Docker,JavaScript,SQL",14,2,Cloud Engineer
d3d23f54-1cc5-4cbe-8b32-1ea71e976a6e,6.99,DevOps,"Docker,Linux,Scikit-learn,PowerBI",6,2,Cloud Engineer
161a3527-bf04-4622-9c32-7dc9a4a69d8e,9.12,Web Development,"Git,Angular,Node.js,HTML/CSS,SQL,NoSQL,Kubernetes",19,3,Web Developer
e4742546-f266-4706-b86e-2c4bfa6dc3eb,6.52,Database Management,"Excel,Pandas,NoSQL",19,3,Data Analyst
50755f46-277a-4c3a-af57-9cc69a318898,6.13,Machine Learning,"SQL,TensorFlow,Azure",9,3,Data Scientist
6ac64769-a3c4-4b80-bd33-cd93566d1a4f,6.12,Web Development,"Node.js,JavaScript,TensorFlow,Java",16,2,Web Developer
cf829d67-ed3c-4803-95c6-039c89f4d741,7.14,Database Management,"Pandas,Tableau,PowerBI,Python,SQL,Scikit-learn",6,3,Data Analyst
96448786-ae56-4d42-ae72-03c5018d6087,8.1,Database Management,"Scikit-learn,TensorFlow,NumPy,Angular,Java",10,5,Data Scientist
b652a6df-a1f0-4695-9142-af511a6fc73e,5.93,Artificial Intelligence,"Python,TensorFlow,PyTorch,HTML/CSS,Java",9,5,AI/ML Engineer
ee0bff0f-63b4-4a45-a110-57b1642c1a77,7.56,Machine Learning,"TensorFlow,Scikit-learn,PyTorch,Python,Java,Kubernetes",20,2,AI/ML Engineer
a5c2e4d4-aa7d-45dc-be82-7c17b7f39c7f,10.0,Cloud Computing,"Azure,Python,AWS,Linux,Scikit-learn,Tableau,C++",16,2,Cloud Engineer
13f5b7a9-cb3a-4a62-9650-da2f754afe55,8.32,Cloud Computing,"C++,Python,Java,Data Structures,HTML/CSS,AWS",11,5,Software Engineer
a396b8cf-974e-49b0-8ca9-560251ba2c08,8.36,Data Science,"Tableau,Pandas,Python,NumPy,AWS,Azure",6,2,Data Scientist
015ffb18-4477-4c6e-8e9c-6299cdb2e48d,6.16,Database Management,"Tableau,Python,Pandas,Java,C++",5,4,Data Scientist
776d2827-2407-4548-bd8f-92742dfb5081,8.4,Data Science,"Tableau,SQL,Scikit-learn",14,1,Data Analyst
444fc179-d4f4-42d8-90a8-37be9549163f,8.84,Data Science,"Git,Java,NoSQL",19,5,Software Engineer
5a7dbe36-efad-4587-b053-0560168e8ea3,8.71,Web Development,"Node.js,HTML/CSS,Azure,Python",20,2,Web Developer
73d0c6dd-cf5b-4558-8c16-09c5e3c3779d,8.28,Artificial Intelligence,"PyTorch,Mathematics,Python,React",16,3,AI/ML Engineer
b0711405-6e35-4c9c-b0fc-5a43ab037ae0,7.44,Machine Learning,"SQL,Excel,PowerBI,Tableau,PyTorch,AWS",16,2,Data Analyst
854d147a-5c15-4a7e-9fd2-15ba2120dccc,9.16,Database Management,"Tableau,SQL,Python,PowerBI,Azure,Pandas",17,4,Data Analyst
ddb34f82-46aa-4eb2-84bc-b9096009be8e,6.44,Web Development,"HTML/CSS,Angular,React,Git,C++,PyTorch,NumPy",16,1,Web Developer
d4e90ba9-5f4d-46cd-a498-3cb7af1cd89e,6.78,Web Development,"JavaScript,Node.js,Angular,React,Azure",11,3,Web Developer
9784bedc-e7a5-4774-b9d5-6028620b5275,8.89,Machine Learning,"SQL,Tableau,Python,Excel,NoSQL,Azure",9,4,Data Analyst
b6f38735-9b1b-42f0-8276-867bd8726e0b,7.45,Web Development,"React,Angular,HTML/CSS,Kubernetes,Docker",10,4,Web Developer
c2121002-c34d-4671-84a3-8de1aee9cd84,6.82,DevOps,"AWS,Kubernetes,Docker,NumPy",9,4,Cloud Engineer
6d38098c-ad43-4084-aee6-c20ce64af59f,8.93,Cybersecurity,"SQL,Python,Git,Tableau,NumPy",20,3,Software Engineer
f9539ce7-121b-4a49-a61a-569dc90b7eda,8.02,Web Development,"Angular,Node.js,Git,React,Tableau,Java,NumPy",9,1,Web Developer
c5b023de-694a-4125-9b61-eb467e33116c,9.22,Cloud Computing,"AWS,Docker,Python,Kubernetes,Git,Scikit-learn,Tableau",10,4,Cloud Engineer
0c2f91e0-610e-4409-a570-e64dde2722e6,7.02,DevOps,"Linux,Python,Git,Tableau",19,2,Cloud Engineer
37ff8977-24dd-40dd-96c3-7e352def8843,6.82,Data Science,"Git,Python,Java,React,Kubernetes",20,1,Software Engineer
9753f0d2-d439-48c5-89a0-421ea05a77f2,8.7,Cloud Computing,"Docker,Linux,Java",19,5,Cloud Engineer
060fb478-ebaf-4a72-af1e-c7c209f5a8a9,7.11,Cloud Computing,"Kubernetes,Docker,Azure,Scikit-learn,HTML/CSS",8,1,Cloud Engineer
fa6de290-ba6c-41f2-888b-81c7d8e0a0be,8.97,Machine Learning,"NumPy,TensorFlow,Python,Scikit-learn,Pandas,Java,AWS",14,4,Data Scientist
321306a9-6de7-414c-9980-c16cb74e9ff7,6.32,Data Science,"PowerBI,Tableau,Git,TensorFlow",19,2,Data Analyst
c71498c8-4d82-425c-a6ba-7c9dc88e05dd,8.2,Machine Learning,"TensorFlow,Scikit-learn,Python,Mathematics,PowerBI,Docker,Git",14,2,AI/ML Engineer
968d8538-553e-4d9f-ad4d-aed1831f6f9f,8.81,Database Management,"Pandas,Scikit-learn,Azure,AWS",8,1,Data Scientist
876b5619-fb1d-409e-bad4-46ecb1606e8c,4.41,Machine Learning,"TensorFlow,Mathematics,NoSQL,AWS",17,2,AI/ML Engineer
e7801cbf-2f56-4b5d-a2f2-1caa00bb81f0,7.91,Web Development,"Angular,HTML/CSS,Node.js,JavaScript,Tableau,SQL,Java",17,1,Web Developer
d5a02874-5afc-4ccc-bd06-7e96b0f359f3,6.95,Data Science,"Data Structures,SQL,Kubernetes,HTML/CSS",12,2,Software Engineer
af9014ea-1c79-4733-b0d4-921923cafca3,6.88,Database Management,"Tableau,Pandas,NumPy",5,5,Data Analyst
23731b61-53f1-45f8-a33b-21cbf3d556ae,8.66,Data Science,"Java,C++,SQL,Data Structures,Git,TensorFlow,Python",13,2,Software Engineer
de29076f-21a0-4e16-9549-f32bc5f4bdc6,8.08,DevOps,"Linux,Docker,Python,Azure,React,Java",11,5,Cloud Engineer
6fd5b7a9-aefc-4d34-b7cb-3d5e01f59e6c,7.56,Cloud Computing,"Data Structures,Python,SQL,Git,Pandas,HTML/CSS,TensorFlow",5,2,Software Engineer
42c5bbf5-642f-4b23-8551-18dee777ba44,6.93,Cloud Computing,"Kubernetes,AWS,NoSQL,SQL",16,5,Cloud Engineer
19aca547-14ab-4f7d-a708-7ef61406496b,5.43,Web Development,"Node.js,HTML/CSS,AWS",10,1,Web Developer
ae8e5d81-73a3-48a0-aac5-3b7537a8e2ca,6.53,Data Science,"NumPy,TensorFlow,Python",6,4,Data Scientist
18fbdffc-8718-425d-8845-43e54914c6ae,7.92,Cloud Computing,"Linux,Kubernetes,Docker,C++,Git",15,3,Cloud Engineer
b7fa4250-92e7-408b-af46-9067e10ec591,5.86,Web Development,"JavaScript,Node.js,Git,HTML/CSS,Docker,Pandas",18,4,Web Developer
9cd7853e-5145-4e54-b424-61eea16a4f6d,7.71,DevOps,"Kubernetes,Python,AWS,Tableau,Angular",18,5,Cloud Engineer
f550cc3e-6225-48b7-b269-26b02e71cc32,7.92,DevOps,"Linux,AWS,Docker,NoSQL",13,5,Cloud Engineer
5f122743-93fa-4e23-90d4-75f8e3a673bd,7.57,Artificial Intelligence,"Python,TensorFlow,PyTorch,Scikit-learn,Tableau,Java,NumPy",15,1,AI/ML Engineer
f619dae1-a5fc-4bfd-ba77-57571a6f56ba,7.5,Artificial Intelligence,"Scikit-learn,Python,Angular,PowerBI",12,5,AI/ML Engineer
75109c32-260a-4c7e-9ff9-3d2f0c8a769f,9.14,Machine Learning,"Pandas,Scikit-learn,NumPy",15,5,Data Scientist
add3d4f3-0183-4f27-a89c-bbb64d3d5a9d,10.0,Web Development,"JavaScript,Git,React,Docker,Angular",11,2,Web Developer
f9166822-fa11-4cb2-89b8-5c6a4b6c21fe,7.18,Cloud Computing,"Linux,Kubernetes,JavaScript,Java",11,4,Cloud Engineer
84b85f03-3fb8-423d-84a8-7940293d9d7e,7.57,Database Management,"Pandas,SQL,PowerBI,Git,Tableau",9,3,Data Analyst
2fd8c6bc-44ba-4f48-b6d0-f2bb32a64401,9.23,Machine Learning,"TensorFlow,Scikit-learn,Python,HTML/CSS,AWS",18,4,Data Scientist
5009c0f9-c1e6-4c90-a5b3-f10dc845bb30,7.74,App Development,"Data Structures,Java,Scikit-learn,React",10,5,Software Engineer
fe751542-d54a-4a42-b741-3fa111a9beda,6.57,Database Management,"Python,SQL,Tableau,NumPy,Pandas",8,4,Data Analyst
b5ea3761-321c-4b0e-96bc-edb29cd89be9,6.41,Artificial Intelligence,"TensorFlow,PyTorch,Azure,Java",20,2,AI/ML Engineer
50252c81-cc86-493b-a711-80f8a4baada6,8.01,Web Development,"Angular,HTML/CSS,NumPy",7,5,Web Developer
f08e6fec-4c0a-449a-be47-b0e5ab5e52b9,8.3,DevOps,"Kubernetes,Docker,Java",13,3,Cloud Engineer
bb98d114-7478-484b-a020-146cac494d7a,7.46,Database Management,"Pandas,Tableau,SQL,Scikit-learn,Kubernetes,NoSQL",19,3,Data Scientist
8d9350b1-2bef-47d8-87f1-706b1ed75130,9.01,Machine Learning,"C++,Git,TensorFlow",13,2,Software Engineer
e718e9ba-385b-4c8b-999a-dbfc6c4ccac1,7.86,Web Development,"JavaScript,Git,Angular,Node.js,Tableau,PyTorch,Kubernetes",10,2,Web Developer
1d76d502-08bc-4077-8e25-9d83133fa82d,8.02,Web Development,"Java,Data Structures,Git,HTML/CSS,NumPy",8,1,Software Engineer
94dc9755-78b8-4048-8ce7-fb02a77444f0,8.41,Web Development,"Git,Angular,JavaScript,Node.js,Pandas,PyTorch",16,1,Web Developer
2b5bb2ef-7d4d-4c30-bd6b-62b1d653ed67,7.01,Artificial Intelligence,"Scikit-learn,Mathematics,NumPy",6,2,AI/ML Engineer
94b40ae0-d5bf-43a3-b180-754c19dd4654,8.0,Machine Learning,"PyTorch,Mathematics,JavaScript,Git",5,1,AI/ML Engineer
75cf476b-7444-441f-b3a7-3172f6e0940b,9.4,Cloud Computing,"Data Structures,SQL,C++,Python,Scikit-learn,Pandas",10,4,Software Engineer
5a644781-1a40-4b48-9949-c72512a042f2,6.28,Web Development,"Git,C++,Python,PowerBI,HTML/CSS",7,4,Software Engineer
1099e848-6269-42e0-b33f-4b23910a0abb,6.62,Data Science,"Scikit-learn,SQL,Python,NumPy,React,Docker,Kubernetes",15,4,Data Scientist
0dfb6405-5edb-4a3f-82cb-238d67914e3c,6.31,Machine Learning,"PowerBI,SQL,Python,Kubernetes,NumPy",6,3,Data Analyst
17cc1f28-b76e-4799-82d6-e60b41c2825a,7.02,Data Science,"NumPy,Tableau,C++",19,5,Data Scientist
beeaef32-38a2-485e-8732-3bd54a071d64,4.85,Cloud Computing,"C++,Data Structures,Python,SQL,HTML/CSS,Git",17,4,Software Engineer
602b64a5-2176-4207-bd5a-7ae605cc1f72,8.37,Database Management,"Pandas,SQL,TensorFlow,Scikit-learn,JavaScript,Git",14,3,Data Scientist
63bc1645-756e-496b-802f-f76eb76a95e5,4.18,game Development,"C++,SQL,Python,PyTorch,NoSQL",18,2,Software Engineer
654b1689-805d-4a30-8e14-7e041ca60282,7.83,Web Development,"HTML/CSS,Node.js,AWS,Azure",7,5,Web Developer
191bbd0f-efae-48ae-864b-0237b28dab44,4.62,Database Management,"Tableau,PowerBI,SQL,Python,Java,Scikit-learn,NoSQL",10,2,Data Analyst
ffb0d1ed-9cdd-469f-9f73-f1d66eec66cc,6.15,Data Science,"Excel,SQL,Python,Pandas,Java,Git,TensorFlow",14,4,Data Analyst
96253ed4-055c-4022-9b17-dff55639065e,7.36,Web Development,"Angular,Node.js,Git,React,JavaScript,Docker",5,3,Web Developer
01ef32fe-4746-42a9-a900-36306884ba6f,7.53,Web Development,"Node.js,JavaScript,Azure",20,4,Web Developer
cda37971-06be-4992-b6df-d28ea14638f1,8.9,Cloud Computing,"Docker,AWS,Kubernetes,Python,Pandas,SQL",9,4,Cloud Engineer
17892f5d-b310-48e3-b3bb-d34eaf11a446,7.15,Machine Learning,"PowerBI,Pandas,Excel,React,HTML/CSS",16,4,Data Analyst
d28c5c8d-a07a-4baa-8713-5887ecc05ac6,5.36,Database Management,"SQL,TensorFlow,NoSQL",8,4,Data Scientist
6236ed78-2562-465d-9941-e0d85e35f96d,7.78,DevOps,"Kubernetes,Python,Linux,AWS,JavaScript,Java",7,1,Cloud Engineer
8e9f0c1d-8361-4058-ad8c-b2936219324d,5.72,Artificial Intelligence,"Python,PyTorch,Scikit-learn,TensorFlow,Pandas,AWS",17,2,AI/ML Engineer
b4a21fcf-5b72-49d1-b7b0-0a360270b39c,6.95,DevOps,"AWS,Docker,NoSQL",16,5,Cloud Engineer
9107f752-2669-4d0d-b96f-8360ad466e2c,7.95,Data Science,"NumPy,Tableau,PyTorch",8,5,Data Scientist
7011b0cc-4239-47f7-ae8f-3219d51cbda1,7.33,Cloud Computing,"Git,SQL,Python,Java,HTML/CSS,AWS,Docker",9,3,Software Engineer
ff87ca56-f050-4388-b8d2-5c971b457273,8.16,Web Development,"JavaScript,HTML/CSS,Angular,Git,NoSQL,Scikit-learn,Tableau",19,4,Web Developer
443e700d-b435-4227-854e-67f6fa8a211c,6.22,DevOps,"Azure,AWS,Git,Kubernetes",8,1,Cloud Engineer
c21099c2-8c6a-45a8-9935-340e96683853,7.83,Database Management,"Python,Tableau,Scikit-learn,TensorFlow,JavaScript,SQL,Git",12,1,Data Scientist
9487e52b-867a-4b55-b31f-102a7aca2334,7.89,Database Management,"TensorFlow,SQL,Pandas,React,Tableau",6,1,Data Scientist
c34f320f-8acc-43bd-be94-cffcb40b12b5,8.24,game Development,"Git,C++,AWS",12,5,Software Engineer
e413fee0-3b2f-49cd-8199-7f02dcefd58f,8.53,Web Development,"HTML/CSS,React,Git,Python,Azure",5,2,Web Developer
f1ac9529-c396-4d35-80e9-1feec69a3085,7.34,Artificial Intelligence,"Python,Mathematics,Scikit-learn,HTML/CSS,TensorFlow",5,1,AI/ML Engineer
076310f7-6f77-4708-83d8-1697d43de902,8.89,DevOps,"Python,Kubernetes,AWS,NumPy,Angular",10,5,Cloud Engineer
59b0057c-2dde-4393-b397-26536a83ab4c,7.56,Cloud Computing,"Docker,AWS,Kubernetes,PyTorch,NumPy",10,3,Cloud Engineer
38959608-f1d2-425c-970c-eaf3c2acecb4,6.37,Artificial Intelligence,"TensorFlow,Scikit-learn,Mathematics,PyTorch,Angular,NoSQL",12,3,AI/ML Engineer
34a93e6d-b1a8-404d-8993-0e20cabbe2f7,7.85,Database Management,"Java,Data Structures,Python,SQL,Kubernetes,C++,HTML/CSS",16,3,Software Engineer
fec11644-206f-4100-be41-2c7537cfa663,7.79,Artificial Intelligence,"Scikit-learn,PyTorch,TensorFlow,Python,Angular,C++",19,1,AI/ML Engineer
30e13736-dba4-4d5b-83ba-881906b11f0d,8.14,game Development,"SQL,Git,Kubernetes",9,2,Software Engineer
3393eace-d17d-4959-942f-232a25029292,9.37,DevOps,"Azure,Docker,Scikit-learn,Python",20,2,Cloud Engineer
95bb6975-8903-4e04-ad70-794ffb4959b7,5.34,game Development,"Git,C++,SQL,AWS,Docker",9,3,Software Engineer
4e63f10d-c7a2-405c-b693-b1e109f35978,7.07,Database Management,"Pandas,Python,SQL,React",17,4,Data Analyst
ebdd8e94-5164-4dce-9828-5960e4af08f6,7.63,Cloud Computing,"Kubernetes,AWS,Docker,Python,Scikit-learn,Tableau,PowerBI",8,4,Cloud Engineer
ede11799-6442-4577-9dd1-5f5c2d6c2e93,8.59,Data Science,"TensorFlow,Scikit-learn,NumPy,Tableau,Docker,HTML/CSS",15,4,Data Scientist
e784e98b-193c-40bf-8988-a85321e2a0dd,6.73,Artificial Intelligence,"TensorFlow,Python,PyTorch,Mathematics,Angular,Kubernetes,Scikit-learn",11,4,AI/ML Engineer
f7fd6361-016e-420b-9271-42b529c38a69,5.85,Artificial Intelligence,"TensorFlow,PyTorch,React",12,4,AI/ML Engineer
b97eec54-76ad-4514-bbaf-832236a35787,8.08,Data Science,"TensorFlow,Scikit-learn,AWS",9,1,Data Scientist
6b4de378-7558-4421-881f-0a0884763b00,7.24,App Development,"Java,SQL,Git",16,1,Software Engineer
38766eb8-36bb-429e-a16b-55bf2cd9f417,6.14,DevOps,"AWS,Linux,Docker,JavaScript,PyTorch",19,4,Cloud Engineer
93278836-6d45-482b-a20a-6304cf68c029,6.88,Cloud Computing,"Kubernetes,AWS,Azure,Linux,Python,Git,PowerBI",16,1,Cloud Engineer
be8a7c9f-cfa0-44f1-b5cd-2424f102e7e7,7.78,Artificial Intelligence,"Mathematics,TensorFlow,PyTorch,PowerBI,Git",13,3,AI/ML Engineer
024b7649-6f9a-4f6c-9f68-6f195aad37ea,7.06,DevOps,"Azure,Docker,TensorFlow,Kubernetes",7,1,Cloud Engineer
eae6f14d-bd0a-4546-83de-f9ac3be96bb2,7.77,Data Science,"Pandas,SQL,Excel,Python,Kubernetes",6,1,Data Analyst
bb9abbc0-8ae8-4069-bac1-bf1cf906627e,7.21,Database Management,"SQL,Tableau,JavaScript,Git",11,3,Data Analyst
13cd1418-636b-4056-876a-616485922189,9.07,Web Development,"JavaScript,Node.js,Angular,Kubernetes",9,1,Web Developer
958968fa-6c0e-415f-a1b9-6c9de7506853,8.22,Machine Learning,"Excel,SQL,Docker",5,2,Data Analyst
6090e3e4-03b4-4947-a98f-d79177f28020,5.31,Web Development,"JavaScript,React,TensorFlow,Kubernetes",6,5,Web Developer
a2d5a27d-1644-420c-8a23-a1d74c390bcd,8.71,Data Science,"Data Structures,C++,Git,PowerBI,PyTorch",16,1,Software Engineer
61fe8c51-60c1-4dd9-b3f1-abbe5586fd4b,6.76,Web Development,"HTML/CSS,Git,NumPy,PowerBI",9,3,Web Developer
0f3cf510-298e-48a9-a95e-00885d12d379,9.07,DevOps,"Data Structures,SQL,Java,HTML/CSS",6,2,Software Engineer
37aaeae5-2cd5-497d-9daa-41545a618cf5,6.22,Data Science,"PowerBI,Pandas,Excel,AWS,Docker",19,2,Data Analyst
e0e7ab9e-6187-40a9-bbbf-01dd56a5dbdb,4.41,Cloud Computing,"Java,C++,Python,JavaScript,NoSQL",19,3,Software Engineer
0e4aa3fa-bfa7-4590-aa14-8c03761243c4,7.02,Database Management,"Git,C++,SQL",11,2,Software Engineer
81d445d4-ceaa-4581-80ca-f6817388ab99,8.77,Data Science,"Scikit-learn,Tableau,TensorFlow,NumPy,Kubernetes,Git",19,4,Data Scientist
d2f65836-7d30-4b71-ada0-685754b7eab2,5.66,Database Management,"Tableau,TensorFlow,NumPy,Kubernetes,SQL",7,1,Data Scientist
39451233-0b92-49c0-af01-c46ca2fa388a,6.13,Database Management,"SQL,Scikit-learn,Python,C++",19,1,Data Scientist
1eb93aef-73b0-49b0-8642-be260a6be796,8.77,DevOps,"Kubernetes,Linux,PowerBI,HTML/CSS",15,3,Cloud Engineer
5a8dd306-449f-4ae6-b09e-94d9e05b6850,8.81,Machine Learning,"Pandas,Tableau,Python,Azure,SQL",5,4,Data Scientist
a76cbc0a-38e3-4815-8b6f-069768c0f526,9.25,Cloud Computing,"Linux,AWS,Python,Scikit-learn",14,1,Cloud Engineer
868e86d5-31a3-43a9-8e1d-d1670397708d,7.04,App Development,"Java,Data Structures,Git,TensorFlow,Azure",14,2,Software Engineer
768d9fb7-244c-4124-be2d-7cd92dce49e1,5.49,Machine Learning,"Python,Mathematics,TensorFlow,PyTorch,React,C++",12,1,AI/ML Engineer
12c17a98-7257-4d65-be08-2ca37dfea48e,8.47,Data Science,"Python,Pandas,Scikit-learn",12,1,Data Analyst
95d1c761-d2ab-4f27-8e57-db5dc79658e6,7.19,Machine Learning,"Pandas,Python,SQL,NumPy,PowerBI",20,3,Data Analyst
0117b4ce-bfb8-44ef-b04d-f78803be7c60,9.44,Data Science,"Tableau,PowerBI,SQL,Excel,Angular,Git,HTML/CSS",11,1,Data Analyst
e14ccd51-0a78-41cd-829e-4b711ccf94b1,8.56,Cloud Computing,"Docker,AWS,Kubernetes,NumPy,C++",18,2,Cloud Engineer
0d6b74fc-1f5c-4aab-bd61-452277277f7d,5.92,Web Development,"Node.js,Git,React,AWS,HTML/CSS",18,5,Web Developer
d424f1c0-ce99-4004-b573-ed3a069e1475,7.97,Machine Learning,"Python,Pandas,PowerBI,Tableau,HTML/CSS",15,3,Data Analyst
6233c46a-8d08-4da4-ab0d-3995f6786940,8.77,Web Development,"Git,Angular,Node.js,JavaScript,PyTorch",8,2,Web Developer
7948a7d3-1049-4b75-b560-9abeaee505cc,7.09,Data Science,"Tableau,Python,Excel,PowerBI,NumPy,NoSQL",5,4,Data Analyst
dc63d632-2ad4-4ef2-b727-27d212a0f904,6.15,Machine Learning,"Tableau,Scikit-learn,JavaScript,Docker",15,2,Data Scientist
f730ae85-5352-49c6-8c3a-2c418035d28b,7.79,Web Development,"Angular,JavaScript,Pandas",9,5,Web Developer
bdc99e33-7568-4c55-8b98-0bf8ce5e6af7,7.76,Machine Learning,"C++,Java,Azure,Kubernetes",20,4,Software Engineer
1e4cfb79-afcb-4dd4-9656-36aad98a6c25,7.73,Artificial Intelligence,"PyTorch,Scikit-learn,AWS,Tableau",14,3,AI/ML Engineer
4d1e2d5f-ae1d-47d5-90fb-0e4e7dbff594,9.06,Data Science,"PowerBI,Pandas,Excel,Python,HTML/CSS,Kubernetes",14,4,Data Analyst
7360eadf-b6b2-45ce-8171-09a656a4e1d8,7.86,Data Science,"Python,SQL,PowerBI,Pandas,Java,Tableau",17,4,Data Analyst
dbae88f3-346c-45e2-8bfc-6f6a6487b530,8.26,DevOps,"Azure,Linux,NoSQL",7,5,Cloud Engineer
8769b03a-a5e1-4541-a2b0-4b55aece25d8,7.84,Database Management,"SQL,PowerBI,JavaScript,React",7,4,Data Analyst
7067977d-ed86-4a61-a74f-394d689d0182,5.26,Database Management,"Pandas,SQL,AWS,HTML/CSS",7,3,Data Analyst
4b88ac99-316a-4100-8731-24461c5ce040,7.02,DevOps,"Azure,Docker,Python,Kubernetes,C++,Tableau,Pandas",5,3,Cloud Engineer
eafe7130-b5d6-4b03-888d-8d7ad3582d5b,8.32,Data Science,"Tableau,Pandas,PyTorch,C++",10,5,Data Analyst
a06f5681-77fb-45e3-800f-aa990da21c74,7.51,DevOps,"Kubernetes,AWS,Azure,Docker,PowerBI,Scikit-learn",15,4,Cloud Engineer
aa38c1e5-b19f-483f-85bf-0dc381baedbd,8.29,Cloud Computing,"SQL,Java,TensorFlow",6,1,Software Engineer
9e95c490-210e-42c6-a8b9-fb2d38b8e790,8.78,Machine Learning,"SQL,Excel,Pandas,Python,Kubernetes",5,2,Data Analyst
bc5dd714-806d-4bc5-90a9-240a80d81a87,7.53,Web Development,"Angular,Git,React,TensorFlow,Python",8,1,Web Developer
1bb1baf5-ef6c-423f-b338-9cadcd74f9d3,5.79,Machine Learning,"Python,NumPy,Tableau,Scikit-learn,SQL,Git",20,2,Data Scientist
59aa8afb-6112-4cee-8778-f2639e965733,5.26,Web Development,"HTML/CSS,JavaScript,Angular,Docker",6,4,Web Developer
c2d77073-ca70-4092-ae71-1d68dc70a674,7.75,Machine Learning,"Scikit-learn,Python,TensorFlow,PyTorch,Pandas,React,SQL",5,4,AI/ML Engineer
9da39ebb-a7e9-4a44-addd-facb5a3c8833,8.77,Machine Learning,"Python,Excel,PowerBI,Java,Kubernetes",5,2,Data Analyst
9fd74a13-8af6-43e2-872d-90d9a64e62a9,7.36,Machine Learning,"TensorFlow,PyTorch,Java,SQL",17,3,AI/ML Engineer
6b5d43c4-ff8a-4f4a-b13d-ce3a6710838b,5.08,Web Development,"JavaScript,Angular,PowerBI",11,2,Web Developer
f9f9ca65-70ad-40e6-b2b0-0ffff05dbcb6,8.81,Data Science,"Python,PowerBI,Pandas,Excel,NumPy,JavaScript",12,3,Data Analyst
a665e4c8-9310-47a8-8649-437f8ca83ee8,7.49,Machine Learning,"Python,TensorFlow,Azure,Pandas",13,5,AI/ML Engineer
26ef43d7-e800-4e05-8a8d-8adb27c51bc3,6.65,Cloud Computing,"Linux,AWS,Azure,Python,NoSQL,Docker",14,1,Cloud Engineer
51ffde98-3f3e-4427-8b83-870920d9aee2,6.4,Machine Learning,"TensorFlow,Python,Scikit-learn,Mathematics,Kubernetes,Pandas",6,4,AI/ML Engineer
6298d437-3e66-46a7-808a-42ed175bd74d,6.48,DevOps,"Linux,Kubernetes,AWS,Java,Azure",17,2,Cloud Engineer
e5623a94-a3ad-4160-88d1-5a347e702766,7.46,Machine Learning,"SQL,NumPy,Tableau,PowerBI",10,5,Data Scientist
4cbf287e-48a4-4928-b6f4-f8a3f832e6c1,6.9,Cloud Computing,"Kubernetes,Python,Linux,Azure,React,Docker,SQL",18,1,Cloud Engineer
8ddfd2ff-e8c2-4cf1-a45c-91f5b13b9c9a,8.76,Cloud Computing,"AWS,Linux,Docker",11,5,Cloud Engineer
de145972-a27f-4250-abd8-5503feceaeca,7.18,Machine Learning,"Pandas,Scikit-learn,TensorFlow,Tableau,Java,NoSQL",18,2,Data Scientist
b817d22a-a9bb-4187-8746-b1127367f8e2,7.6,Artificial Intelligence,"PyTorch,TensorFlow,Mathematics,Python,Kubernetes,Scikit-learn,AWS",9,2,AI/ML Engineer
69948483-052b-4969-a071-284e903d66d4,6.85,Machine Learning,"Pandas,Tableau,NumPy,PyTorch,Docker",14,1,Data Scientist
32da7a3e-af73-49e3-a037-bafc43d5a5a5,5.08,Cloud Computing,"Python,Linux,AWS,Docker,Git,Scikit-learn",5,3,Cloud Engineer
6cc75e48-fbb3-4683-8f7a-4747d31be0ef,5.9,Data Science,"PowerBI,SQL,Git,Tableau",11,1,Data Analyst
08547724-c18a-402b-aae8-b35609e7a103,8.58,Database Management,"TensorFlow,NumPy,Git,Kubernetes",14,2,Data Scientist
82e71411-ca28-489c-903e-94d58551cd2c,6.75,Machine Learning,"Tableau,Python,Azure",18,2,Data Scientist
7b8cf108-7605-4cab-b9b9-9c1c1f1bc277,7.88,Web Development,"Git,HTML/CSS,Angular,Pandas",20,3,Web Developer
d5703d3e-4c53-4141-8570-48478d1a2af4,4.84,Database Management,"Pandas,PowerBI,Scikit-learn",9,4,Data Analyst
3286409f-e7d1-4253-a95c-35bc144642b5,8.13,game Development,"Data Structures,C++,Java,Pandas,Tableau",10,3,Software Engineer
d6b9d49e-ea1d-41f0-9ae6-d59fd67471e2,8.23,Web Development,"HTML/CSS,Node.js,Pandas,TensorFlow",19,2,Web Developer
8ad5b3f0-c079-40e6-9872-f9572f7ccb5f,7.89,Web Development,"Git,JavaScript,React,Node.js,Azure,PyTorch",10,1,Web Developer
0e7ba4d4-5d0b-4356-9968-cb9d65cb2140,6.69,Machine Learning,"Excel,SQL,Azure",7,5,Data Analyst
b7ebbe75-4b99-4c29-b493-8025b37abb63,8.51,Web Development,"Java,Data Structures,AWS,Docker",6,1,Software Engineer
7611cdab-aa82-4888-af53-5b9c5584df76,7.75,Cloud Computing,"Azure,AWS,JavaScript,React",6,2,Cloud Engineer
ca720819-e972-4120-92cb-b5e28766f92d,8.16,Data Science,"Data Structures,SQL,Python,Git,Azure,AWS,Angular",16,1,Software Engineer
16516fd9-d84e-483a-9224-55f50c520358,5.83,Web Development,"React,HTML/CSS,AWS",12,4,Web Developer
6dbad830-3cfe-46b8-a430-a232f69e3b6d,7.01,DevOps,"Kubernetes,Linux,NumPy,Pandas",11,2,Cloud Engineer
6b407ea7-cc3f-41bf-bee7-2de6751354b4,9.36,Machine Learning,"Scikit-learn,Pandas,HTML/CSS",7,4,Data Scientist
ff6b9041-a587-4ff8-8a75-6ac2e9dbf365,5.98,Web Development,"Node.js,Angular,React,HTML/CSS,SQL,Python,PowerBI",12,5,Web Developer
00890907-1b13-4684-92d7-e629daf3e0b8,5.89,Machine Learning,"Python,PowerBI,Excel,NoSQL,TensorFlow",20,2,Data Analyst
52a15649-ffd3-4fc7-81b8-6ba7f9743c57,6.56,Cybersecurity,"SQL,C++,Java,Data Structures,React,Tableau,Azure",12,1,Software Engineer
cb8eef09-b557-4719-b227-7b388b3b947e,4.58,Machine Learning,"NumPy,Scikit-learn,Python,PyTorch,SQL",10,5,Data Scientist
73142ad5-a258-46da-957d-4f5ae1d71db5,5.51,Machine Learning,"PyTorch,TensorFlow,Scikit-learn,NumPy,Docker",15,4,AI/ML Engineer
e52a6605-45e0-4709-a22a-d93dcb679d61,8.81,Machine Learning,"NumPy,SQL,C++,PowerBI",6,2,Data Scientist
98234cd7-ed19-4ebd-8934-27505cf31826,8.8,Data Science,"Excel,Pandas,Python,Tableau,Kubernetes,NumPy,JavaScript",17,4,Data Analyst
414d6ee3-82fe-4f77-b691-f58ed959ac56,6.99,Data Science,"Tableau,Excel,PowerBI,Python,AWS,JavaScript",8,1,Data Analyst
b9e63829-6801-4723-a4de-2744e3258623,7.49,Database Management,"Tableau,Python,Docker",16,5,Data Analyst
1c441f4e-7894-4799-bf6e-4377d8be6aae,8.84,Cloud Computing,"Kubernetes,Python,Docker,Linux,NumPy,AWS,Angular",8,5,Cloud Engineer
26842274-3faf-4f33-bd13-8872fa61d835,5.21,game Development,"SQL,Java,C++,Git,React,Docker",8,5,Software Engineer
cfcb63dc-f2e9-44d3-8780-65e21897eac1,8.34,Web Development,"Git,JavaScript,Node.js,HTML/CSS,TensorFlow,AWS,Scikit-learn",11,4,Web Developer
83c79451-87cd-4607-95d3-988291bdd242,10.0,DevOps,"Kubernetes,Python,AWS,PyTorch,Angular",14,4,Cloud Engineer
b2d55293-9b8d-493e-a233-fdd59c05cf8b,6.68,Machine Learning,"PyTorch,Mathematics,Python,Scikit-learn,SQL,C++,Java",16,1,AI/ML Engineer
155c0ca5-9227-47f2-8bed-b7062207b4ee,7.02,Machine Learning,"Python,PyTorch,Tableau,TensorFlow",10,1,AI/ML Engineer
a071a627-2ece-4c28-b736-5d1a0f38d2b4,7.08,Machine Learning,"Python,Scikit-learn,Pandas,NumPy,Git,JavaScript",14,3,Data Scientist
c3655ce2-f293-427e-a077-a5e5d8fe64ea,8.86,Data Science,"PowerBI,SQL,Scikit-learn",13,5,Data Analyst
52a42397-e68a-4ffd-bb89-e5558d9582d3,5.49,Machine Learning,"SQL,Java,Python,Git,React,C++",11,3,Software Engineer
cdff5a20-e2b2-48d4-9458-be2f8a73339e,8.02,Data Science,"Tableau,SQL,Python",13,4,Data Scientist
429f7d2a-b12b-407f-8c9b-e9cb4dd54f67,8.78,game Development,"Git,SQL,Java,Python,JavaScript,React,PowerBI",15,2,Software Engineer
df4bf655-fc38-47c2-b5ee-8a06629e63c1,9.07,Database Management,"Python,SQL,Pandas,PowerBI,TensorFlow,PyTorch",16,4,Data Analyst
d037a42a-d7a6-48a7-a49e-a685ac23c4aa,5.05,Artificial Intelligence,"Mathematics,Scikit-learn,TensorFlow,Azure,Pandas",7,2,AI/ML Engineer
9512eead-3bc5-4b79-924f-b02205c21c03,8.41,Artificial Intelligence,"Git,Python,C++,SQL,Java,JavaScript,NoSQL",14,5,Software Engineer
c157b174-c008-48ae-8b7e-8a89f315b19d,7.47,Web Development,"React,Node.js,Git,HTML/CSS,NumPy,NoSQL,Angular",17,2,Web Developer
61ccdfe8-290d-4ade-8c6a-097a0741c8fd,6.5,Cloud Computing,"Linux,Python,Docker,AWS,Git,React",8,5,Cloud Engineer
0a0cb65c-6a82-4a75-bc28-476486489ef8,8.17,Database Management,"Python,Tableau,PowerBI,Pandas,Angular,NumPy,React",9,3,Data Analyst
739ffc26-d261-4c79-b74e-6d58cbfd96b1,7.06,Web Development,"HTML/CSS,React,TensorFlow",14,2,Web Developer
400b2473-e521-43e2-abc0-86a4c2590351,7.56,DevOps,"AWS,Python,Azure,Kubernetes,PyTorch,Java",20,3,Cloud Engineer
6a729cba-bdab-4e26-936c-369ca8378b5d,8.76,Database Management,"Scikit-learn,Pandas,TensorFlow,Tableau,C++",14,1,Data Scientist
6d187516-41ec-4c56-86ad-f8449f36cff5,6.96,Artificial Intelligence,"Python,SQL,Data Structures,C++,TensorFlow,PowerBI",5,2,Software Engineer
ca86a5fc-bbaf-461f-baff-cf5e4c5f2a88,7.1,Artificial Intelligence,"TensorFlow,Python,Scikit-learn,C++,NoSQL",9,3,AI/ML Engineer
5732f747-45f4-48d4-9890-feb2794b492b,8.02,DevOps,"AWS,Azure,SQL",10,1,Cloud Engineer
2d7f255a-d16b-4b23-b3ee-718fe0c26e7d,5.73,DevOps,"Kubernetes,AWS,Docker,Linux,TensorFlow,PyTorch",18,5,Cloud Engineer
c165fadb-9011-4d0c-b5cf-e1b4ffcf22c5,8.54,Database Management,"SQL,Tableau,Pandas,TensorFlow,Angular,Scikit-learn",16,3,Data Scientist
687c1548-dfe1-4265-bb07-caf852204903,7.39,Machine Learning,"Python,Pandas,SQL,PowerBI,Java,Tableau",12,1,Data Analyst
188e009b-96d3-4fbd-ae34-b5a36a10efff,8.28,game Development,"Python,C++,SQL,Data Structures,AWS,Pandas",11,1,Software Engineer
1148be23-ee1f-4a28-bbc6-dc4db955d4f4,7.89,Data Science,"PowerBI,Python,Pandas,Docker",15,4,Data Analyst
b15029f1-ecee-45ce-ab0d-b286f0ec5086,7.94,Database Management,"NumPy,Tableau,PyTorch,Git",5,5,Data Scientist
d650da54-5e94-40ff-a32a-d7a47a7e0fb5,7.74,Machine Learning,"Python,TensorFlow,Scikit-learn,Tableau,HTML/CSS,Java,PowerBI",6,4,Data Scientist
fc5e87c5-f0ea-4051-b50f-1811a649981d,6.39,Cloud Computing,"AWS,Linux,Azure,Python,TensorFlow,NumPy",13,2,Cloud Engineer
7e000e46-29ed-4643-9e46-fe1f2c706596,7.39,App Development,"SQL,Python,Git,Docker",12,5,Software Engineer
efa0a5d4-1676-4cc0-bcf7-6653e91eef0d,7.87,DevOps,"Linux,AWS,Azure,Kubernetes,PowerBI,Python,NoSQL",12,4,Cloud Engineer
ede00231-3684-4bf5-9951-97a1d8d5c965,6.82,Artificial Intelligence,"TensorFlow,Scikit-learn,PyTorch,Mathematics,Angular,NoSQL",9,5,AI/ML Engineer
ecf74177-a06b-40cf-af5b-fe34f3fba8c9,6.1,Web Development,"React,Git,Node.js,HTML/CSS,Kubernetes,PowerBI,Java",20,2,Web Developer
74acf03b-a01d-4bef-bc46-0dd322e0b6ae,6.65,Web Development,"Git,Angular,Kubernetes",17,4,Web Developer
3d39475b-1989-4167-95ae-21bbf81bc9a5,9.59,Cloud Computing,"Azure,Kubernetes,C++,PyTorch",20,2,Cloud Engineer
c15557a1-22b9-4d87-b7db-df564a6994f0,5.69,Data Science,"Scikit-learn,SQL,Tableau,PyTorch,NumPy",14,4,Data Scientist
f4a6de17-c2d9-4dc4-b309-1e3ba502603e,7.35,Artificial Intelligence,"Python,Scikit-learn,Mathematics,PowerBI,Pandas",6,2,AI/ML Engineer
ad71a6a7-398d-4285-936b-21374ab97e58,9.6,Web Development,"React,Node.js,Angular,Git,Tableau,NumPy",18,4,Web Developer
0cdbf474-405f-498c-b8d1-4a1606313aa6,8.22,Cloud Computing,"Kubernetes,AWS,Azure,Docker,Tableau,TensorFlow,HTML/CSS",5,3,Cloud Engineer
ae8becf3-18fd-46cf-80be-07b0c4c83fb1,6.12,Artificial Intelligence,"PyTorch,Python,Scikit-learn,Mathematics,NoSQL,Java,SQL",8,4,AI/ML Engineer
140b03dc-0b52-4a06-9a29-7805b043a9e9,10.0,DevOps,"AWS,Azure,Kubernetes,Linux,Angular,Tableau,Java",5,1,Cloud Engineer
3d40885a-78a9-4eb6-9107-b5e6b560df34,7.98,Database Management,"Python,Git,C++,NumPy,Azure",19,3,Software Engineer
fa8f431c-c98a-40e7-8ab4-d313c315ee81,8.68,DevOps,"Linux,Docker,AWS,PyTorch,Azure",16,4,Cloud Engineer
e25cac8c-fa4b-42bb-acf9-bfa2b095bd04,6.59,Artificial Intelligence,"Python,Scikit-learn,Mathematics,PyTorch,Angular,JavaScript,Tableau",8,4,AI/ML Engineer
38a92585-7da4-4b2c-925e-f2979e3e5869,6.67,Data Science,"SQL,Tableau,PowerBI,TensorFlow",6,4,Data Scientist
8acdb504-b287-48d7-9fc0-cf1c716ec95f,7.04,Cloud Computing,"AWS,Linux,HTML/CSS,C++",7,4,Cloud Engineer
30fa7030-4597-4e94-bf7e-3e9f3b202a3f,8.03,Web Development,"Git,React,Angular,JavaScript,NoSQL,Docker",19,5,Web Developer
a0092d5a-9a3a-4f2e-9cec-0adec86c8af8,5.47,game Development,"Python,C++,SQL,Docker,Git",19,1,Software Engineer
fec95558-bbb3-4863-bc4b-936f9c49e5fe,7.31,Machine Learning,"C++,Java,SQL,TensorFlow,React",10,1,Software Engineer
5cd58fed-a991-4835-9b31-ae83516f6811,8.42,Machine Learning,"SQL,Excel,Docker",14,3,Data Analyst
b4524dea-d337-43b5-a535-35e908a1578e,8.07,Database Management,"SQL,Tableau,TensorFlow",7,5,Data Analyst
66b46208-134a-4aca-a6cc-94e897deef30,7.71,Machine Learning,"Scikit-learn,PyTorch,Mathematics,Python,Docker,Java,PowerBI",20,4,AI/ML Engineer
6b68cb15-d0f7-436a-9dea-caba0000adc6,6.18,Web Development,"JavaScript,Node.js,Git,React,SQL,TensorFlow",6,3,Web Developer
6743ae1f-9834-4deb-bc85-1ffdbdbe2994,5.15,Database Management,"Scikit-learn,NumPy,Pandas,TensorFlow,C++,AWS",10,2,Data Scientist
11583c56-fd7c-4425-a9b6-789dd30b78da,6.88,Artificial Intelligence,"Python,Scikit-learn,TensorFlow,Azure,C++",18,1,AI/ML Engineer
1684b155-bc84-4bcd-b3fa-e0469ef87ee9,6.42,Web Development,"Git,Node.js,JavaScript,React,C++,NoSQL",14,3,Web Developer
f3c0e97d-84bf-46fd-a82b-bb8bf7960e21,6.74,Data Science,"Tableau,SQL,Pandas,Python,NumPy,Azure",6,3,Data Analyst
4c182fd9-09fa-49c5-bc0c-20697e9835bd,8.59,DevOps,"Kubernetes,Docker,Git",13,5,Cloud Engineer
ff673bd1-9dd4-4118-a060-7d87ad2f9374,8.09,DevOps,"Docker,Linux,React,NumPy",17,5,Cloud Engineer
62fd697e-b1ee-431e-a846-355fb6c1078b,5.7,Database Management,"Python,PowerBI,TensorFlow",17,2,Data Analyst
fbb68d73-73c2-47f3-90fa-564ead3414cc,7.6,Cloud Computing,"Kubernetes,Linux,Azure,AWS,PowerBI,PyTorch,Scikit-learn",10,5,Cloud Engineer
87842e26-55a3-4563-a1bb-754fd7c4e932,8.79,Database Management,"Scikit-learn,TensorFlow,PyTorch",16,2,Data Scientist
4ec85648-6cd7-47bb-9586-598acd85cfc1,7.24,Data Science,"Scikit-learn,Pandas,Python,Tableau,Docker,JavaScript,Kubernetes",13,5,Data Scientist
01e995af-04aa-4992-8906-347f7db97f8d,8.81,Data Science,"TensorFlow,SQL,Scikit-learn",16,5,Data Scientist
a0ee892e-53a0-4c72-b63c-1921c892faf0,5.2,Database Management,"PowerBI,Python,Git",10,2,Data Analyst
654f20ac-8863-4b80-9877-7e1a834f4ff9,6.91,Web Development,"Node.js,React,JavaScript,HTML/CSS,Tableau,Git",20,1,Web Developer
c5542e87-6656-4449-a064-760438e846f5,7.92,game Development,"Python,SQL,Data Structures,Java,TensorFlow,AWS",19,5,Software Engineer
a607c5a8-32fc-426e-a3d7-ddcf3c70ccfd,7.86,Web Development,"HTML/CSS,Git,React,Node.js,Kubernetes,Angular",5,2,Web Developer
c7c48900-854d-4b2d-9d86-a06c4a61820b,7.11,Database Management,"Excel,Pandas,SQL,Python,HTML/CSS,Tableau",15,1,Data Analyst
c332ce0c-e911-4181-98a2-a1085bb08a1b,6.81,DevOps,"Python,SQL,Git,Angular,C++",11,1,Software Engineer
2d0cb7f6-52a7-4e81-8a9c-b3717efcf0fb,7.1,Machine Learning,"Tableau,Pandas,SQL,Python,HTML/CSS,Azure",5,1,Data Analyst
d69588dd-3120-4b84-9b05-eef46e51ea2c,7.81,Data Science,"Pandas,SQL,Azure",6,3,Data Analyst
391f81ca-4a8e-479e-81e0-5096ef1e5693,7.02,Machine Learning,"Scikit-learn,Python,Mathematics,TensorFlow,Kubernetes,Angular",20,4,AI/ML Engineer
05ce4e84-eae9-4c07-ae1e-3c4a17681f37,7.14,Cloud Computing,"Java,Python,Data Structures,SQL,TensorFlow,Tableau,Pandas",18,5,Software Engineer
5edfb667-3930-458a-9f3b-8ad7856db965,8.69,Cloud Computing,"AWS,Kubernetes,TensorFlow",6,4,Cloud Engineer
43f980bd-4fff-4d82-8e44-cc7b1ade9e7e,7.15,DevOps,"Python,SQL,Angular",14,4,Software Engineer
7cf0d252-d20f-4500-8260-a791cbf0bd75,8.38,Cloud Computing,"Python,Azure,AWS,Linux,NumPy,PowerBI",9,4,Cloud Engineer
2f567ca7-92f1-4898-b974-e35841d0f84d,6.75,Artificial Intelligence,"TensorFlow,PyTorch,Git,Azure",10,5,AI/ML Engineer
767c2e59-f3d4-45fe-ad96-307100e67bd2,6.62,Cloud Computing,"Python,Docker,AWS,Kubernetes,HTML/CSS,Tableau",6,3,Cloud Engineer
4824a5eb-2a40-4548-bf48-babe5241fe07,8.8,Data Science,"SQL,TensorFlow,NumPy,Scikit-learn,Angular",15,1,Data Scientist
cc373442-c466-4333-81a4-ec88e3cb6341,9.06,Database Management,"Scikit-learn,TensorFlow,Pandas,NumPy,React,PowerBI,Java",9,2,Data Scientist
8446b4f6-1dc3-4e11-86c1-6525cc1a2ff8,7.51,Artificial Intelligence,"Scikit-learn,PyTorch,Python",5,2,AI/ML Engineer
8f8b9f0c-a1c9-4486-bd3d-8cf788c4419b,7.82,App Development,"SQL,C++,Python,Java,PowerBI,NoSQL,Git",17,2,Software Engineer
ee6d4c7e-71b0-4f78-b43b-9a20f08602b2,7.77,Machine Learning,"Tableau,NumPy,Pandas",13,3,Data Scientist
642ac46f-bc1e-4e27-8441-01e43d43072c,7.81,Cybersecurity,"Python,Git,Azure",18,2,Software Engineer
336f505a-7001-4f40-82a8-ec2830976888,8.19,Database Management,"Pandas,NumPy,Scikit-learn,Python",14,5,Data Scientist
b8455b6f-b825-442e-ae2d-2de573e78318,6.16,Artificial Intelligence,"PyTorch,Scikit-learn,TensorFlow,Pandas,AWS",16,1,AI/ML Engineer
5bdeec6e-cb0a-42c5-938a-47560e667ece,6.39,Data Science,"Java,Data Structures,SQL,Tableau,Scikit-learn",10,4,Software Engineer
298a9fed-d783-48a3-9a7a-545853135018,7.51,Web Development,"Data Structures,Java,SQL,C++,Scikit-learn,Angular",15,2,Software Engineer
3de9e52d-a98d-473d-acec-2f16aed042cf,5.6,App Development,"C++,SQL,TensorFlow",15,5,Software Engineer
4ea80ec7-f469-4440-996c-647c38703df3,7.61,Database Management,"PowerBI,Python,Scikit-learn",10,4,Data Analyst
e5de165c-277a-4b4e-bf7f-351abede826a,8.75,Machine Learning,"Mathematics,Scikit-learn,PyTorch,Python,Pandas,NoSQL,Kubernetes",12,2,AI/ML Engineer
a9a32a05-e214-4039-9bf9-56be3073a6d7,8.48,Artificial Intelligence,"Scikit-learn,TensorFlow,Python,Kubernetes",16,4,AI/ML Engineer
4c95d4f3-08f2-4351-a648-ff5e61efa33f,8.58,Data Science,"PowerBI,Pandas,SQL,Docker,Java",17,1,Data Analyst
e2601c5d-4f73-4c03-8c3e-b3f139b4377a,8.13,Database Management,"Scikit-learn,SQL,NumPy,Tableau,HTML/CSS,PyTorch",7,2,Data Scientist
bd3a5efe-7409-4db3-99a8-5902ec1a9b0f,7.41,Cloud Computing,"Kubernetes,AWS,Linux,Azure,NumPy,TensorFlow,React",11,3,Cloud Engineer
55188769-fb25-4518-933d-df0532573979,7.96,DevOps,"Linux,Python,Kubernetes,Java,SQL",8,1,Cloud Engineer
c4accecd-6b55-4157-8141-3361ce6cccd9,9.24,DevOps,"Kubernetes,Azure,Python,Linux,NoSQL,Scikit-learn",14,1,Cloud Engineer
8ea0895c-5777-4e7a-a2c6-aa24fdc9e8b2,5.4,Cloud Computing,"Azure,Docker,Linux,Kubernetes,AWS,Git",15,2,Cloud Engineer
c593bca6-905b-4149-8467-02db5da86292,5.28,Cloud Computing,"Linux,AWS,Docker,Kubernetes",16,2,Cloud Engineer
99a86578-04a7-468e-87d8-8205d50fe580,6.74,Machine Learning,"Python,PowerBI,Kubernetes,SQL",20,1,Data Analyst
f78f7bd6-ef37-4e27-925b-4f3341ad5f53,8.35,Database Management,"Python,Pandas,Tableau,PowerBI,Azure,NumPy",20,2,Data Analyst
07d5d74a-3d1c-4233-9e83-d22e0199d5be,5.21,Artificial Intelligence,"Python,PyTorch,Mathematics,TensorFlow,Kubernetes,Java,React",17,5,AI/ML Engineer
b8467c4e-6814-484e-8a9f-4d6a42bf6265,7.98,Machine Learning,"Python,Mathematics,NumPy",13,3,AI/ML Engineer
e0b3eb1b-0dad-46c3-a26b-ee2fc28048f9,6.56,Cloud Computing,"Azure,AWS,Angular,C++",20,3,Cloud Engineer
7e2c65aa-fc51-494c-aaf8-b4b183190974,8.69,Machine Learning,"Tableau,Excel,PowerBI",15,4,Data Analyst
05261969-7d6f-447e-85e2-e1041346bb92,10.0,Web Development,"React,Git,NumPy",20,5,Web Developer
cf1f66c7-76d6-494c-b89e-3aada24dbfdb,7.33,Web Development,"Node.js,Angular,HTML/CSS,JavaScript,Pandas,TensorFlow",11,5,Web Developer
d3947e43-d3fa-41df-96a7-efb6951d41d1,8.07,Database Management,"Excel,PowerBI,Python,NumPy,Azure",12,4,Data Analyst
0ba51d4d-ca1e-4e3d-96a4-acd2828e5235,7.25,DevOps,"Python,Docker,Azure,PyTorch",9,5,Cloud Engineer
de496a92-ebb3-44b0-a6a7-1b04402675dd,6.95,Machine Learning,"PyTorch,TensorFlow,Mathematics,Scikit-learn,JavaScript,PowerBI",16,1,AI/ML Engineer
d796fd3c-b98b-4fea-ae82-65fc0be2f018,6.35,Web Development,"Angular,JavaScript,HTML/CSS,Node.js,PyTorch,Python",18,4,Web Developer
8bafd9ad-176a-4b62-939e-90b05e895ea2,6.82,Artificial Intelligence,"Python,Scikit-learn,Azure",16,1,AI/ML Engineer
971fca21-3204-464d-8b69-6294281d7a51,7.89,App Development,"Git,Java,SQL,Tableau,Scikit-learn",9,5,Software Engineer
1526df28-f09a-411a-9f24-39bc6901a350,6.56,Machine Learning,"Tableau,Scikit-learn,PowerBI",8,3,Data Scientist
863862a8-bae7-47d1-b965-946b6c8bd363,6.63,Web Development,"HTML/CSS,Angular,Scikit-learn,SQL",14,4,Web Developer
d4cf7655-a56a-42a1-9250-1e9e4cbc9068,7.71,DevOps,"Kubernetes,Linux,NoSQL",12,2,Cloud Engineer
547dd485-96c1-4b2e-b710-4bda61de5334,6.81,Web Development,"Java,Python,NumPy,C++",13,4,Software Engineer
32a38e69-741c-4c0d-9871-14786428d40b,6.33,Cloud Computing,"Data Structures,Python,Git,SQL,PowerBI,PyTorch,Pandas",7,5,Software Engineer
438020d3-c94b-4009-845e-5d2f75040cd5,8.01,Machine Learning,"PyTorch,Mathematics,Python,TensorFlow,Tableau,Docker,NoSQL",11,3,AI/ML Engineer
9ceb0984-df0d-4e20-8e0c-ed3093f137b7,8.46,Web Development,"HTML/CSS,Angular,Docker,JavaScript",20,3,Web Developer
61a94f84-94c2-4896-b7a5-0087807dbe05,7.33,Web Development,"JavaScript,React,NumPy",18,1,Web Developer
7f39a2b5-ab82-445e-acb7-d3aad7cb4d52,6.97,Machine Learning,"Mathematics,PyTorch,Scikit-learn,TensorFlow,AWS,HTML/CSS",19,1,AI/ML Engineer
b46d4695-9e54-48a1-b475-398d8d16d958,8.18,DevOps,"Linux,AWS,JavaScript,Git",9,2,Cloud Engineer
bef6870d-22c6-4d70-a6ac-d2ba2e4734ed,7.66,Machine Learning,"Python,Mathematics,Docker,React",12,4,AI/ML Engineer
5863be13-7dab-4f5f-990b-b255596528ec,9.7,Web Development,"Python,Git,TensorFlow",13,3,Software Engineer
cba30371-d6d0-4486-bbe5-219b3471f886,7.67,Web Development,"Angular,Node.js,React,HTML/CSS,SQL,JavaScript",10,3,Web Developer
2a334e99-a8e4-415b-965f-2f423c681324,10.0,Web Development,"JavaScript,HTML/CSS,SQL",19,3,Web Developer
054737e4-be0c-4408-ac5f-480ae7e6802c,7.44,Data Science,"Python,Tableau,PowerBI,AWS,Azure",16,5,Data Analyst
17d20804-b9da-4abf-90da-5dd46c7fb6c9,7.16,Machine Learning,"Python,Scikit-learn,Kubernetes",15,1,AI/ML Engineer
8be5e2b3-1b21-47c3-8ddb-283c2480d5a8,6.05,Database Management,"PowerBI,SQL,Excel,Python,React,HTML/CSS,PyTorch",7,3,Data Analyst
d84044e5-b1f1-4b74-b0e2-42d3f8cb5b94,7.22,Machine Learning,"Scikit-learn,TensorFlow,SQL,Pandas,AWS,PowerBI",10,5,Data Scientist
62e939ab-ce32-419b-9d13-fcfb00186e48,6.92,Machine Learning,"Mathematics,PyTorch,Scikit-learn,TensorFlow,Git,Pandas",15,3,AI/ML Engineer
f4a3bd48-def3-40ae-9f5d-fe41f0d87686,7.95,Database Management,"Pandas,Tableau,TensorFlow",8,2,Data Analyst
b96c1f62-1aac-4d68-a845-1a5f851d5146,9.13,Database Management,"NumPy,Tableau,Scikit-learn,Pandas,JavaScript,Angular,Docker",13,4,Data Scientist
f53ec827-c077-4d0d-a75f-1ccff45a5937,7.54,Data Science,"Excel,PowerBI,SQL,Pandas,Python,C++",20,3,Data Analyst
637d032c-9d44-4c2b-b339-336d21554863,8.48,Database Management,"Pandas,SQL,Excel,PowerBI,AWS,JavaScript",17,5,Data Analyst
633194ab-b664-4334-b97e-280937e81337,8.6,Artificial Intelligence,"Mathematics,Scikit-learn,Java",13,2,AI/ML Engineer
0a6bb2e7-8a0c-4108-b9eb-4811b52e4efd,7.33,Data Science,"TensorFlow,SQL,Pandas",14,5,Data Scientist
4c2b6d52-8b28-436a-a4d9-b62c4ece36cb,7.21,Machine Learning,"SQL,Excel,Pandas,PowerBI,Docker,Git,Tableau",16,1,Data Analyst
5ee09bf7-3a9b-4ddd-bb69-a4da1695cfe6,6.76,Data Science,"Tableau,TensorFlow,PowerBI,Azure",18,5,Data Scientist
d1a894a8-8eb0-42cb-ba00-2f1e631f79d2,7.34,Cloud Computing,"Kubernetes,Python,Git,Azure",11,4,Cloud Engineer
6ccf627e-c6db-4c18-a11b-a91bfda78655,9.59,Database Management,"PowerBI,Tableau,SQL,Azure",10,4,Data Analyst
dd4192ff-b76d-4c8a-8ab9-b58a84c5f209,9.07,Database Management,"Python,Tableau,PowerBI,TensorFlow,Azure",8,1,Data Analyst
788f0fff-ea33-4fee-8616-91931a2cc1d0,7.49,Cloud Computing,"SQL,Java,Git,Python,HTML/CSS,React",5,3,Software Engineer
7f8f49d3-bef1-493e-85f4-6332cc983d46,6.92,Web Development,"React,Angular,Git,PowerBI,Java",16,3,Web Developer
ee15dca6-9cb6-40a8-b89c-43595902de23,7.76,Database Management,"Python,SQL,TensorFlow,Pandas,AWS",14,3,Data Scientist
9d40a89c-a9c8-4e2f-894c-8fd00d15e18f,9.15,DevOps,"Data Structures,Java,SQL,Git,PowerBI,React,HTML/CSS",5,1,Software Engineer
25284161-6bd3-43aa-ac5a-0da045d0fc29,6.68,Machine Learning,"SQL,Tableau,Python,Git,PyTorch",14,2,Data Scientist
535dc106-dd2d-482e-b323-aa52a1d3193f,8.34,game Development,"SQL,C++,Python,PowerBI,Pandas",19,1,Software Engineer
250bf358-c2cb-4903-aa06-0494f980f5b7,6.89,Database Management,"Git,Data Structures,JavaScript",9,3,Software Engineer
d59c586e-1219-45a5-968b-3440d4262770,6.77,Machine Learning,"Pandas,SQL,AWS,Docker",10,4,Data Scientist
1297d6bc-ff25-4868-a253-928846057735,9.61,Web Development,"Git,Angular,NoSQL,Tableau",9,2,Web Developer
1c16030e-eaf0-42f2-a27f-351f251b0c3c,9.43,Machine Learning,"Mathematics,Python,Azure,NoSQL",7,3,AI/ML Engineer
a57fd1c0-ed4e-4813-b810-545871cad55c,7.31,Web Development,"Node.js,Angular,Git,JavaScript,Python,React",5,1,Web Developer
93609e52-1552-4a43-a2a3-622a10a208a6,7.08,Cloud Computing,"Docker,Python,Linux,AWS,Git,Kubernetes",14,1,Cloud Engineer
3d6fd887-df38-4ed2-9192-e00653ff35bc,5.4,Web Development,"Java,SQL,Git,AWS,Pandas",8,2,Software Engineer
06e59a44-11db-4534-b26c-edc63679e05f,7.95,Machine Learning,"SQL,C++,Python,Git,Pandas,NoSQL",16,3,Software Engineer
51692675-66b6-490b-b571-af518079001e,8.88,App Development,"SQL,Java,React,JavaScript",13,5,Software Engineer
b85768e2-d992-4deb-a64c-ccd36fef8482,9.38,Cloud Computing,"Kubernetes,Docker,Linux,AWS,TensorFlow,Pandas",17,3,Cloud Engineer
4fd582cf-8697-4d6e-a928-3a45b6f157da,8.84,DevOps,"Git,Java,Azure,React",9,2,Software Engineer
c2117124-76d0-4117-ba2a-48cf6559a056,5.88,Web Development,"HTML/CSS,Node.js,Angular,Tableau",16,4,Web Developer
9e208583-f933-4272-ba76-536384f4fa60,7.06,Machine Learning,"Excel,Python,Pandas,SQL,HTML/CSS,JavaScript,C++",9,2,Data Analyst
00f93dff-b889-4224-81b2-f77563673430,9.05,DevOps,"Azure,Kubernetes,AWS,Docker,Tableau,HTML/CSS",18,3,Cloud Engineer
ac1efeeb-3b7c-4910-a9f4-d5de6adf3f42,5.79,Machine Learning,"TensorFlow,Mathematics,Kubernetes",5,3,AI/ML Engineer
bf5dc210-f47f-43f3-abc5-3ab6d8edfada,8.19,Artificial Intelligence,"Mathematics,TensorFlow,PyTorch",16,4,AI/ML Engineer
8386e205-98d8-4d08-a0a1-2efcd6318ba6,6.44,Machine Learning,"TensorFlow,Scikit-learn,PyTorch,Mathematics,SQL,React,PowerBI",7,3,AI/ML Engineer
a3d19df1-84c5-44cc-9461-31805c9b16da,7.09,Machine Learning,"PyTorch,TensorFlow,Python,C++,Tableau",18,2,AI/ML Engineer
c19521fa-008d-402a-97a4-21377fda1001,6.44,Machine Learning,"Pandas,Python,Excel,SQL,Angular,Docker,TensorFlow",7,1,Data Analyst
1d537037-b182-4562-83d9-cb40c021a96f,6.71,Data Science,"Tableau,Pandas,NumPy,Python,Java,JavaScript,Git",12,1,Data Scientist
2409a6fc-045c-415e-91e0-7b9e73b1945c,8.43,Cloud Computing,"Python,Docker,PyTorch",13,4,Cloud Engineer
9751f0ff-6b79-409f-9c80-2e2c02ece302,7.26,Artificial Intelligence,"TensorFlow,Mathematics,Python,Scikit-learn,Pandas,Git,Angular",15,3,AI/ML Engineer
bf03282f-1c36-471a-9025-88b43ba2f7f0,8.88,Web Development,"HTML/CSS,Node.js,PowerBI,JavaScript",14,1,Web Developer
cd6cd54d-4980-4edc-9416-cf5846bf3346,6.99,Cybersecurity,"Git,Data Structures,Tableau,Python",20,3,Software Engineer
2de01f76-0d78-44a5-95bb-51ef0b820c80,4.61,Cloud Computing,"Azure,Linux,JavaScript",15,3,Cloud Engineer
2425cf61-85ca-4814-bb5c-16a720014f9d,7.08,DevOps,"Linux,Azure,Python,Kubernetes,TensorFlow,React",10,5,Cloud Engineer
6c19122b-21c1-49c6-9e83-416f855124a7,7.68,DevOps,"Docker,Azure,NoSQL",17,3,Cloud Engineer
8b5d7fd6-ee58-4623-aba9-2dbcd96c9352,5.89,Web Development,"Angular,HTML/CSS,Git,Node.js,SQL,Scikit-learn,Pandas",12,2,Web Developer
223ecb63-efce-4c95-904f-6078d991c4a9,6.53,Cloud Computing,"Linux,Azure,Python,Kubernetes,NumPy,C++,PowerBI",12,3,Cloud Engineer
71e53550-8dc7-4928-81d8-8c0f530fd751,8.92,Machine Learning,"Python,C++,Java,Git,Scikit-learn,Tableau",12,5,Software Engineer
6ef7d1d1-5009-4599-b110-4b7d1093a36a,7.56,Machine Learning,"TensorFlow,Pandas,Scikit-learn,NumPy",20,5,Data Scientist
7e2c1a20-5dfb-4bff-a520-e59ec3caa7bd,6.84,Database Management,"SQL,Pandas,Excel,JavaScript,NoSQL",5,2,Data Analyst
81194080-9c75-41cd-8b7b-00d12abe4bda,8.5,Data Science,"NumPy,Scikit-learn,Pandas,Angular,Python",20,5,Data Scientist
bc9a7f56-6b1e-49f7-89c6-4c6ee21cf49b,7.84,Artificial Intelligence,"Scikit-learn,Mathematics,Python,PyTorch,Pandas,Kubernetes",17,5,AI/ML Engineer
932b5f93-6855-43a0-bcf4-d7e3271cfd3b,7.78,Data Science,"Java,Git,Data Structures,SQL,PowerBI,JavaScript,Pandas",12,5,Software Engineer
20009ff3-faa9-4435-a3cc-31648c289019,6.67,Machine Learning,"Tableau,PowerBI,AWS,TensorFlow",5,4,Data Analyst
ecdc4c17-58b2-4c8b-a1f9-30108b7abe0b,4.92,Database Management,"SQL,Java,Git,React,PyTorch",13,1,Software Engineer
91cba60f-7198-4581-8946-ed707fe16c41,7.19,Machine Learning,"Pandas,SQL,Python,Tableau,Kubernetes,C++,Docker",14,2,Data Scientist
880716c4-2de1-4428-ba53-30b6dd87fbfb,7.75,Machine Learning,"Pandas,TensorFlow,SQL,Scikit-learn,PyTorch,Git",18,2,Data Scientist
a20dd122-5a1e-4057-8483-3f8a64c0fb6e,6.05,Machine Learning,"PowerBI,Python,Pandas,Tableau,Java,JavaScript,NumPy",8,4,Data Analyst
47d66f08-3f30-4ee6-88b9-0ab7b6a1271f,8.29,Database Management,"Tableau,SQL,Pandas,Python,NumPy,Git,Kubernetes",19,4,Data Analyst
6093d073-aceb-44f9-8067-4447cb28dbd4,7.97,Artificial Intelligence,"TensorFlow,Mathematics,Python",10,1,AI/ML Engineer
c366fb14-f390-4593-8a65-45b005f7b959,6.3,Database Management,"PowerBI,Pandas,Excel,JavaScript,Kubernetes",15,1,Data Analyst
62250618-d983-47ae-95d9-c1ffcfb21ab0,9.28,Machine Learning,"TensorFlow,Pandas,Azure,JavaScript",17,5,Data Scientist
5020703f-ff3b-4dc1-adb5-5dcd95d94cf8,7.09,Database Management,"Python,Pandas,NumPy,Scikit-learn,PyTorch,Tableau,Azure",19,1,Data Scientist
c1f45ef0-5f15-4519-8966-1daa4d592332,9.28,Machine Learning,"PyTorch,Mathematics,Scikit-learn,PowerBI,Pandas",12,5,AI/ML Engineer
778b62de-614c-45ad-a3f8-2cfeb121d09c,7.81,Cloud Computing,"Data Structures,Python,PowerBI,Git",12,1,Software Engineer
623952f0-0fb7-49ee-bb5d-75ab6c23281b,7.81,Machine Learning,"PowerBI,Excel,Python,SQL,Kubernetes,Azure",12,4,Data Analyst
7e4ad337-3b8f-4877-a4c4-d8542b88cb6a,5.81,Machine Learning,"SQL,PowerBI,Tableau,Python,Git,NoSQL,PyTorch",15,3,Data Analyst
e939af05-0f95-4465-95d3-03c7fc7a410d,6.73,DevOps,"Azure,Python,AWS,Linux,Pandas,NumPy",14,1,Cloud Engineer
3dbd36ff-c7e1-4d09-a029-9770b8b91743,7.92,Web Development,"React,HTML/CSS,Angular,Tableau,C++",10,2,Web Developer
45651082-663b-4b00-b8bd-5cf6616a2073,6.76,Artificial Intelligence,"Scikit-learn,TensorFlow,PyTorch,Mathematics,Git,Tableau",15,3,AI/ML Engineer
7f76930f-ef29-427d-801b-20753b54d973,10.0,Database Management,"Scikit-learn,SQL,NumPy",19,1,Data Scientist
de300d30-1715-444a-b829-255f9ac9047e,8.0,Cybersecurity,"Data Structures,Python,TensorFlow",15,4,Software Engineer
6cbd58d7-8cd1-4444-bbc0-702af141a7e4,7.37,Web Development,"JavaScript,React,Git,Node.js,C++,NoSQL",13,1,Web Developer
7b7d398e-b8cb-4b3c-89b8-23116db9f83f,7.06,Database Management,"NumPy,SQL,Tableau,Scikit-learn,TensorFlow,JavaScript",16,3,Data Scientist
28bcb55b-1c99-4f08-800a-a0db798a0faa,7.66,Machine Learning,"Pandas,NumPy,SQL,Scikit-learn,NoSQL,Azure",16,5,Data Scientist
e1750d47-80f5-4bfc-95c8-d7cf5a89cf93,7.03,DevOps,"Azure,Docker,AWS,Python,TensorFlow,Pandas,Java",11,1,Cloud Engineer
463e6886-63e6-499e-8db7-84255963d413,8.62,App Development,"C++,SQL,Pandas,Scikit-learn",8,3,Software Engineer
66976b9a-fc68-426d-8f6c-000956b3e797,9.34,Machine Learning,"Excel,Python,Tableau,SQL,Kubernetes,C++,NoSQL",18,5,Data Analyst
ef6e7ed7-4db0-4b67-a300-39b32997ffd4,7.91,Machine Learning,"NumPy,SQL,Python,Scikit-learn,NoSQL,Java",7,4,Data Scientist
2647b8b4-c3bf-4a43-9ba2-eb97c1f4c534,6.8,Data Science,"NumPy,Scikit-learn,SQL,Kubernetes,Tableau",19,3,Data Scientist
a4ed39b5-e30e-4c86-8e5e-56a04636c38f,6.58,Web Development,"HTML/CSS,JavaScript,Git,PowerBI",8,4,Web Developer
2d11175a-b79b-44dc-b103-fc41ba49688c,5.24,DevOps,"C++,Git,Data Structures,NumPy,AWS",12,4,Software Engineer
bdd863e2-1741-4960-8b28-91fe29b67176,9.83,Cloud Computing,"Git,Data Structures,Java,SQL,PyTorch,Angular",13,1,Software Engineer
7dc80ac2-2fb8-4428-aa5d-798a7c99cb0c,9.89,Machine Learning,"Mathematics,PyTorch,Azure,NoSQL",14,1,AI/ML Engineer
c3493415-83c6-4f00-b306-b746983a233f,7.94,Machine Learning,"Scikit-learn,TensorFlow,HTML/CSS",6,4,AI/ML Engineer
8b994db6-4eeb-41ea-9301-2d874277f642,8.86,Machine Learning,"Mathematics,PyTorch,C++,PowerBI",12,5,AI/ML Engineer
fe504c78-9e19-485b-bddf-e95a0b849758,7.2,DevOps,"AWS,Azure,Kubernetes,Python,React,Docker,JavaScript",8,3,Cloud Engineer
0ca97ea9-4a46-4a79-b5c8-39109e3874ef,7.61,Cybersecurity,"SQL,Data Structures,Python,Git,TensorFlow,Angular",12,2,Software Engineer
c6a2eb48-6933-4247-8b27-2e02724a0d15,8.26,Web Development,"Node.js,Git,AWS",19,1,Web Developer
5ae2effe-bf5e-4b04-b554-271f3f93b0cd,7.88,Artificial Intelligence,"Python,TensorFlow,Mathematics,PyTorch,Tableau,JavaScript,SQL",9,4,AI/ML Engineer
488e40f0-cf1e-4020-9e74-9fd6a667ced9,6.21,Artificial Intelligence,"C++,SQL,Git,Scikit-learn,PowerBI",12,2,Software Engineer
077819e2-0f2f-4f7b-89a0-4a7e29294fca,5.54,Machine Learning,"PyTorch,TensorFlow,Mathematics,Python,Scikit-learn,Tableau",8,1,AI/ML Engineer
33d285f1-4235-45b0-8b34-078fa684c2b6,7.56,App Development,"Python,Data Structures,SQL,Git,Scikit-learn,Azure",9,5,Software Engineer
5d64a89c-278e-471c-a989-0380395d2119,7.36,Machine Learning,"Pandas,Python,React",16,1,Data Analyst
bf9d338b-ad45-4a61-a5cc-582c43551341,6.41,Database Management,"TensorFlow,Pandas,Java,PyTorch",6,2,Data Scientist
fb6b6b80-d2f2-4cb7-9142-7bb6c04da6af,7.77,Web Development,"Java,SQL,Data Structures,C++,Scikit-learn,Pandas,NumPy",17,2,Software Engineer
7e35f2a3-82c2-4654-9a1c-e6518d110bbf,7.98,Machine Learning,"Pandas,Python,PowerBI,NumPy,SQL",5,4,Data Analyst
916ec72d-0313-4d10-8ec0-00f0d583db7b,8.97,Cloud Computing,"Docker,Kubernetes,Azure,Java,TensorFlow",10,1,Cloud Engineer
0b67509d-c797-431b-ac4b-c3cd3f35575c,8.05,Data Science,"Java,Git,SQL,C++,Python,Azure",6,1,Software Engineer
21f34865-9064-48f6-9b97-4e29d34cba6e,6.98,Web Development,"HTML/CSS,Angular,JavaScript,Node.js,Tableau,C++",5,3,Web Developer
17008d26-742e-4454-9b25-9faeed5428e1,7.65,DevOps,"Python,Docker,SQL,PowerBI",16,4,Cloud Engineer
28edca07-62f9-43e3-bb92-b040108da067,4.0,Web Development,"Angular,Git,Pandas,SQL",19,4,Web Developer
afe629bf-911a-4124-804f-acaaab7a904b,5.34,Data Science,"Tableau,NumPy,Pandas,SQL,PowerBI,TensorFlow",15,1,Data Scientist
571c374c-0de3-46ac-a867-a3da205db283,7.3,Web Development,"React,Angular,JavaScript,Docker,C++",17,3,Web Developer
ea69ae2b-01b8-4e69-818b-bee7b5872a61,8.32,Database Management,"SQL,Excel,Pandas,Git,PowerBI",6,3,Data Analyst
bdc8e168-7f82-43f6-97c5-edd37cd2224e,6.27,Machine Learning,"Scikit-learn,PyTorch,Git",11,3,AI/ML Engineer
b484a294-2b3a-4892-b897-1c971535b90e,6.89,Artificial Intelligence,"Python,PyTorch,Scikit-learn,Mathematics,HTML/CSS,Java",16,1,AI/ML Engineer
a03a7d2c-fb89-49df-8488-2b781c8fbf3b,5.34,Web Development,"Node.js,HTML/CSS,Angular,React,Docker,Kubernetes,Pandas",11,3,Web Developer
f5e67293-312c-4bc9-9499-8e8669d3d111,7.67,DevOps,"Azure,Kubernetes,Docker",5,5,Cloud Engineer
1d5123f7-5e26-42d0-be5d-3f825ce28127,5.74,Database Management,"Pandas,Scikit-learn,SQL,Docker,Tableau",12,4,Data Scientist
16190771-a0e0-4dbd-b2d8-52faf89b9d06,7.98,Artificial Intelligence,"Scikit-learn,Mathematics,JavaScript,Java",6,2,AI/ML Engineer
a752184a-dea5-4985-8759-37fbfc0eaefe,7.64,Artificial Intelligence,"TensorFlow,PyTorch,React,AWS",6,5,AI/ML Engineer
d03665a3-30c7-454b-adbb-cce83a92d166,6.31,Database Management,"Scikit-learn,Python,Tableau,SQL,Git",7,4,Data Scientist
23067fe1-a90b-4b25-bec7-96879e3c0afb,8.58,Artificial Intelligence,"Mathematics,TensorFlow,Pandas,NumPy",18,3,AI/ML Engineer
c8413b09-2f42-4587-9264-0a648d741524,7.26,Database Management,"Excel,Pandas,Python,PowerBI,React,Docker,PyTorch",12,3,Data Analyst
17d3294f-f27c-487e-aa11-66e6b9adb2d0,7.13,Cybersecurity,"SQL,Java,Git,TensorFlow,PowerBI",6,1,Software Engineer
05ab35ec-c14c-443b-8cfe-a5a2b31425f2,6.97,Machine Learning,"Python,C++,Azure",20,1,Software Engineer
3f3f5fd8-74f6-45d2-8270-981d0c403e5f,7.99,Artificial Intelligence,"PyTorch,Python,NoSQL,Scikit-learn",18,3,AI/ML Engineer
d6fbf93d-69a3-4292-8aed-095a5b8c4adc,5.19,Web Development,"Git,Angular,NoSQL,TensorFlow",13,5,Web Developer
70cbcfa0-5c86-4287-9f1b-49d103e4eca4,10.0,Machine Learning,"Scikit-learn,SQL,TensorFlow,Pandas,AWS,HTML/CSS",16,2,Data Scientist
f265ef6c-9696-4eb6-b406-833c07babb78,5.89,DevOps,"Linux,Python,Docker,HTML/CSS,Git",14,5,Cloud Engineer
eecf9340-3396-45aa-9613-0872154cd48b,7.37,Data Science,"SQL,Python,Excel,Pandas,Docker,HTML/CSS,Azure",6,5,Data Analyst
1ee75584-3076-4e19-9eff-91af752cff74,5.53,DevOps,"AWS,Linux,Docker,Kubernetes,Scikit-learn,PowerBI,React",5,3,Cloud Engineer
1f2d8179-2551-4390-9c4f-3ee80f0703c5,6.01,Data Science,"Python,NumPy,Tableau,Scikit-learn,Java,Azure,PowerBI",9,4,Data Scientist
d1ee33c3-d1b1-442e-ba27-e31aa4ecdff8,9.55,Artificial Intelligence,"Scikit-learn,Python,Kubernetes,React",9,3,AI/ML Engineer
74356e81-af68-4959-ac2d-d8c694bf46c7,6.82,Cybersecurity,"Python,Java,Git,C++,SQL",10,1,Software Engineer
a07ca315-6e4d-499e-bc1d-937a6ea2277f,6.54,Cloud Computing,"Kubernetes,AWS,NoSQL,Angular",10,2,Cloud Engineer
2f8f2143-2f98-4bdb-b3d4-f9eeb6783602,8.54,DevOps,"Python,SQL,Data Structures,Azure,Java",18,3,Software Engineer
4fb37001-6213-432a-9544-4343231e20c1,5.65,Database Management,"C++,Python,Git,SQL,PyTorch",15,3,Software Engineer
68770364-8da1-45c0-895a-cf438c58d642,6.98,Cloud Computing,"Kubernetes,Python,Linux,Docker,Pandas,C++",10,2,Cloud Engineer
ea1365a1-47f3-47f4-9248-20075e63a690,6.7,Machine Learning,"TensorFlow,PyTorch,Scikit-learn,Python,Git,Azure,Kubernetes",17,3,AI/ML Engineer
e7fda24c-baab-4b5e-91c9-0729d42a725f,8.93,Web Development,"Angular,React,JavaScript,Git,HTML/CSS,PyTorch",19,4,Web Developer
2d5e009e-8ad4-4b7c-9398-2df78574332f,6.91,Web Development,"HTML/CSS,Git,Java,C++",17,4,Web Developer
2b9a6a7e-b7df-422c-8727-e2734d9b9453,6.08,Machine Learning,"SQL,TensorFlow,Scikit-learn,Angular,PyTorch",7,5,Data Scientist
3ce6bbf8-28a1-4697-a799-abf6ea9eb163,6.37,Web Development,"HTML/CSS,React,Tableau,JavaScript",14,1,Web Developer
a335ec4d-35ac-4d02-965a-20101449f306,7.23,Machine Learning,"Python,PyTorch,Docker",7,1,AI/ML Engineer
81655ff0-69f4-4232-a03b-acb7a70f6e1e,7.56,Machine Learning,"TensorFlow,PyTorch,Kubernetes",18,2,AI/ML Engineer
19700d83-cba9-4c17-b727-7dea722c0d52,6.74,Artificial Intelligence,"Python,Mathematics,Scikit-learn,PyTorch,C++,JavaScript",19,4,AI/ML Engineer
80598f6d-fb20-47a6-9be6-f114d286eeda,7.42,Machine Learning,"PyTorch,Scikit-learn,TensorFlow,Angular,SQL",20,5,AI/ML Engineer
4b2923ca-ca95-4622-a3a8-20ee49f450d0,7.16,DevOps,"Azure,Linux,HTML/CSS,Angular",15,5,Cloud Engineer
bc80aa39-c0e1-48f2-8ffb-5505b53f53d7,6.3,Web Development,"HTML/CSS,React,Node.js,Git,Pandas,AWS,Python",5,1,Web Developer
8749c1cd-9d3b-47c4-bc6e-a76cd5dbb07e,10.0,Database Management,"Excel,Tableau,Pandas,PowerBI,HTML/CSS,AWS,C++",15,5,Data Analyst
3aac2391-ce40-4de0-8495-2b70d7a771d5,4.68,Machine Learning,"Mathematics,TensorFlow,Python,NumPy,Tableau",9,3,AI/ML Engineer
2898a022-ef5b-49aa-a368-a2ea3e6ecbaa,5.64,Web Development,"React,Node.js,PyTorch,SQL",5,5,Web Developer
e112e24e-72b4-4eb8-ab35-eb5de80fb8b1,7.75,Cloud Computing,"Azure,Kubernetes,Linux,AWS,PowerBI,Tableau,C++",14,1,Cloud Engineer
b54bd362-2388-453c-a826-80182321367d,7.27,Database Management,"Java,SQL,Data Structures,C++,Git,Python,PowerBI",19,4,Software Engineer
bd4b905c-4508-4a79-be48-419eb94334d0,9.75,Web Development,"Angular,JavaScript,PyTorch,HTML/CSS",13,3,Web Developer
4985955f-134c-470e-ac2b-3277ef7205df,6.44,Machine Learning,"Pandas,TensorFlow,Tableau,Scikit-learn,PyTorch,PowerBI",15,1,Data Scientist
c419480b-ae02-4ead-897b-99074ed86a68,5.55,Machine Learning,"Tableau,Scikit-learn,Java,Git",9,2,Data Scientist
de21868b-398e-46ea-8cea-ae1411db23b6,6.9,Machine Learning,"Pandas,Tableau,PowerBI,Python,PyTorch,Java",15,5,Data Analyst
4d2e1340-4511-420d-8635-c6226031c6df,5.79,Web Development,"Node.js,Angular,Scikit-learn",15,5,Web Developer
17399ad8-029e-4ec8-9f6d-bbdaaa44fbe4,7.31,Database Management,"Git,SQL,Data Structures,C++,Java,Pandas",6,3,Software Engineer
e5666780-ccfa-4537-9439-3d49ebe8b1d2,7.35,Machine Learning,"Pandas,NumPy,SQL,Python,Scikit-learn,Azure,Angular",17,2,Data Scientist
45c1b12f-62f5-4a22-ad30-12c5df04762f,7.27,Data Science,"Tableau,Python,Docker,JavaScript",16,2,Data Analyst
bbb1ad2e-a673-4f06-9364-0401bae7f8dc,6.13,Artificial Intelligence,"C++,SQL,Git,Docker,Angular",16,3,Software Engineer
7b8463b2-4be5-41ce-8ac0-1e8388c8fd58,6.24,Data Science,"Pandas,Tableau,Scikit-learn,TensorFlow,NoSQL,Docker,NumPy",8,1,Data Scientist
7881d185-ec93-4ff5-8337-3da06f5e1e4d,4.0,Data Science,"Python,Pandas,NumPy,React,C++",19,5,Data Scientist
f59cd42a-e7f9-4928-9904-f55e765bf0f3,7.37,Machine Learning,"Scikit-learn,Mathematics,C++",11,3,AI/ML Engineer
9ddf87b2-4c4f-47f3-b342-17e5836ef291,7.73,Artificial Intelligence,"Python,Scikit-learn,TensorFlow,Mathematics,React,Docker",7,5,AI/ML Engineer
4b35d08b-e3c1-4802-979f-a20db5fba202,4.89,Web Development,"HTML/CSS,Git,Tableau",5,3,Web Developer
665000b2-cac4-4103-be07-7368d206971a,5.75,DevOps,"Python,Docker,PyTorch,Azure",5,4,Cloud Engineer
f73f89a7-5482-4e62-9781-6df1fa6673fe,8.99,Web Development,"React,JavaScript,Angular,Node.js,C++,Docker,Tableau",20,3,Web Developer
3a492924-6948-4136-9cdc-0a242cf860e9,7.38,Web Development,"React,Git,HTML/CSS,PyTorch,PowerBI",17,3,Web Developer
8baf4f12-3a90-4f74-b839-21cb3a9dbf18,7.7,Web Development,"Node.js,Git,React,HTML/CSS,AWS,SQL",15,4,Web Developer
1b4ecd35-a9ae-4de7-af9f-44ee861ecedd,9.1,Database Management,"Excel,Tableau,Python,Pandas,React,Git",11,1,Data Analyst
f701ef08-31fd-463d-b682-b618447b0ab8,9.36,Machine Learning,"TensorFlow,Python,SQL",5,3,AI/ML Engineer
225adb63-b022-4004-a327-c78eb9f26ece,10.0,Web Development,"Node.js,JavaScript,Angular",16,1,Web Developer
33e35f21-ed6f-47f2-965a-64fbb7adf935,8.94,Artificial Intelligence,"Mathematics,Python,JavaScript,Kubernetes",8,5,AI/ML Engineer
2b431f6b-5f37-4ef4-9f44-bbccafbf5849,7.02,Cloud Computing,"AWS,Azure,Tableau",15,2,Cloud Engineer
2d5f7ad2-7e6d-492d-abc7-304a4500fe21,7.48,Artificial Intelligence,"Mathematics,Scikit-learn,Python,PyTorch,Java,React,HTML/CSS",17,3,AI/ML Engineer
75213f9d-91fb-4d46-96f1-665949411d10,9.15,Cloud Computing,"Python,Linux,Azure,Pandas,Scikit-learn",6,3,Cloud Engineer
47fd5be3-546d-4fad-ae93-e29dda80265c,8.76,App Development,"Data Structures,C++,JavaScript,Scikit-learn",15,5,Software Engineer
142de459-150d-452d-b352-011a9cc16d89,6.22,Cloud Computing,"AWS,Docker,NoSQL,C++",9,1,Cloud Engineer
6540c17d-ed8e-4404-85c1-73eaf0248810,7.97,Machine Learning,"SQL,NumPy,Python,HTML/CSS,Scikit-learn",19,1,Data Scientist
0594bd6f-4ddb-4fa5-b41d-0570ffecad30,5.88,Artificial Intelligence,"Scikit-learn,Python,SQL,React",11,2,AI/ML Engineer
1754a29b-0337-4a8a-a878-d7fc63cf1e2a,6.84,Web Development,"Angular,React,Kubernetes,Azure",5,5,Web Developer
3af36a17-d3bb-4f79-9e3c-31b9389da03e,6.35,Web Development,"Python,C++,Java,Data Structures,Tableau,React",12,1,Software Engineer
495aee99-0621-45f1-a9bd-ccdb151cb8f3,5.83,App Development,"Git,Data Structures,Python,NoSQL,TensorFlow",13,4,Software Engineer
a986ef99-a3a7-4995-862e-f42d6493f9b5,5.0,Machine Learning,"SQL,Python,Docker",17,4,Data Analyst
1520e52d-6792-4355-bd97-9263ac4c00c2,7.17,Web Development,"Angular,Git,HTML/CSS,Azure,NoSQL",20,2,Web Developer
8cca7351-bb1f-469b-8e65-b59aca7651d7,7.81,Machine Learning,"PyTorch,Python,TensorFlow,C++,HTML/CSS",8,1,AI/ML Engineer
74143ba4-fd9b-4860-932b-99e08f3cebb2,7.49,DevOps,"Git,Python,SQL,Java,PyTorch,Kubernetes",9,5,Software Engineer
5a744cff-83d8-43ad-ab65-ccc063ac0b60,6.66,Machine Learning,"TensorFlow,Scikit-learn,Mathematics,React,NumPy",12,1,AI/ML Engineer
ac53943b-df35-4735-96e8-aef9369c5633,7.54,Artificial Intelligence,"PyTorch,Mathematics,Python,Azure,Docker",17,2,AI/ML Engineer
6898aea0-449e-4ad3-97b6-e63c508e0db6,8.49,Machine Learning,"SQL,NumPy,TensorFlow,Scikit-learn,Git,C++",16,5,Data Scientist
dd9a0f95-760c-43f7-9c39-3a31a44fa82a,7.43,DevOps,"Linux,AWS,Scikit-learn",19,4,Cloud Engineer
ac721420-5480-48d5-8768-39a411196f65,7.65,Cloud Computing,"Docker,Python,PyTorch",13,5,Cloud Engineer
387f53b9-4b45-4354-a663-8d5ab7aacbfa,7.37,Data Science,"Python,Git,NumPy",17,3,Software Engineer
3118e004-e1e4-4575-a9fb-c0e49b690a90,7.72,Machine Learning,"SQL,Tableau,Python,Azure,Angular",19,1,Data Scientist
d076b1f4-84a3-4dc2-89c7-7887512b94b8,7.97,DevOps,"Azure,Python,Angular",14,5,Cloud Engineer
05f1a20f-1b4f-4b70-85fc-d6bb59ddaeee,6.05,Database Management,"Pandas,SQL,Scikit-learn,Python,Docker,JavaScript",14,3,Data Scientist
0443ad3f-933f-4bcc-b651-e3dce8952679,7.31,Data Science,"Tableau,TensorFlow,Pandas,Python,React,NoSQL",15,1,Data Scientist
6e64e937-3792-446b-957d-803b3162cb78,8.35,DevOps,"Azure,Linux,JavaScript,Docker",11,4,Cloud Engineer
9ee2de39-af0c-471b-ae60-429f200fd1a8,6.71,DevOps,"AWS,Kubernetes,Linux,Python,JavaScript,HTML/CSS,Java",20,3,Cloud Engineer
d37b0670-7923-4fe8-9bbf-c8765e23cc91,7.96,Artificial Intelligence,"Scikit-learn,Mathematics,Python,SQL",20,2,AI/ML Engineer
d6049ae9-ae91-468a-a111-1903c33a77ec,7.37,DevOps,"Kubernetes,Python,JavaScript,AWS",10,3,Cloud Engineer
c6c0c61c-2b49-41e5-b7cc-d1f6cc2a0559,8.17,Data Science,"Python,TensorFlow,NumPy,Tableau,Angular,HTML/CSS",17,5,Data Scientist
a5076630-6ddc-4dac-a226-431db0570280,6.8,Artificial Intelligence,"Python,Java,Data Structures,Angular,TensorFlow",7,1,Software Engineer
a09a8a94-7c6f-41ca-8474-33e394030f77,7.7,Artificial Intelligence,"TensorFlow,Python,Scikit-learn,Kubernetes,Tableau",5,1,AI/ML Engineer
2a3dc5ce-f68e-4bad-a97e-e91c893d1822,6.55,Database Management,"TensorFlow,NumPy,Pandas,Scikit-learn,Tableau,PowerBI,Java",7,2,Data Scientist
7e81afd6-be8f-4871-8bde-4dd02dd003e3,6.39,Cloud Computing,"Docker,Linux,AWS,C++,React",16,1,Cloud Engineer
8cf0f5af-7e21-4e0b-b2af-4524bcac1090,7.43,Data Science,"Tableau,Scikit-learn,SQL,TensorFlow,HTML/CSS",15,5,Data Scientist
4b9f5867-b642-4e1f-8321-426c60c108d4,8.21,Artificial Intelligence,"Python,Scikit-learn,Angular,Git",8,4,AI/ML Engineer
06d2bd90-403c-469c-a0e2-2f26960de4ba,5.26,Cloud Computing,"Linux,Kubernetes,Azure,AWS,SQL,PowerBI,C++",12,3,Cloud Engineer
52c45708-f545-4659-8c04-ccd17f30bc24,8.94,Data Science,"SQL,PowerBI,HTML/CSS,Azure",11,5,Data Analyst
4596be16-8b67-41c1-815d-1b7a50acdc99,9.86,Database Management,"Python,SQL,Azure",14,5,Data Analyst
3e9f6733-a65b-4c3f-b280-3b41128e294a,8.05,Cloud Computing,"Git,Java,SQL,C++,Azure",14,1,Software Engineer
c3507396-8bff-46cc-8f22-5d1973861cc8,5.97,App Development,"Data Structures,Git,NoSQL",9,1,Software Engineer
7d1f7c6f-682a-4cf0-8ca3-dcdde2cf2814,6.17,Artificial Intelligence,"Mathematics,Python,Scikit-learn,TensorFlow,NoSQL,PowerBI,JavaScript",20,3,AI/ML Engineer
95363f89-4f2a-4a2a-9d7e-1c90efb06aa0,7.5,Machine Learning,"PyTorch,Mathematics,Python",9,3,AI/ML Engineer
80b4d69d-6628-4f0c-a1f0-fb39a38fb4dd,9.13,Machine Learning,"Python,SQL,Java,PowerBI,Kubernetes",15,3,Software Engineer
e5cd24d4-ece1-4484-8753-47348bfaf8bf,6.27,Data Science,"SQL,Excel,Python,Tableau,TensorFlow,Java,NumPy",5,3,Data Analyst
20d4bc49-e826-4c78-b02b-3495202baba8,6.84,Artificial Intelligence,"Python,TensorFlow,Mathematics,Scikit-learn,Git,PowerBI",13,2,AI/ML Engineer
c6fb8109-790a-403e-b287-0a5199849cd9,6.37,Machine Learning,"SQL,Python,Pandas,PowerBI,Kubernetes,Java,Docker",5,2,Data Analyst
641a2f0a-85c0-4a03-9f21-1f0bb7e18ba2,7.56,Web Development,"React,JavaScript,Scikit-learn,PyTorch",16,5,Web Developer
afa37186-f279-4db0-abe0-113929337b9f,7.42,Data Science,"PowerBI,SQL,Excel,Pandas,JavaScript,Tableau,Azure",11,3,Data Analyst
edcf0c0f-9315-4225-a76e-10529aad6295,6.77,Data Science,"Pandas,Excel,PowerBI,Python,C++,TensorFlow",9,4,Data Analyst
f4767074-bdfb-4819-a143-9fcc556c5eff,10.0,Cloud Computing,"AWS,Python,Docker,Kubernetes,Java",15,1,Cloud Engineer
62ca271e-39fd-4085-8869-64d6dce43131,7.46,Database Management,"NumPy,TensorFlow,Pandas,Tableau,React,Python,Git",5,3,Data Scientist
63026215-0388-4152-b858-0c55fa895088,6.85,Cloud Computing,"Linux,AWS,Kubernetes,Python,C++,Scikit-learn,TensorFlow",14,5,Cloud Engineer
e644fecb-366a-47b4-9dde-7091eb52da58,7.27,Database Management,"Python,Excel,Pandas,SQL,NumPy,Tableau,Azure",7,3,Data Analyst
4c28dd21-8e9a-45b6-bcb7-45601326ab7e,7.22,Artificial Intelligence,"Python,Mathematics,Docker,JavaScript",20,1,AI/ML Engineer
769e9395-99bf-4bb5-8730-e88d05c18b3a,8.19,Artificial Intelligence,"Python,Java,SQL,Data Structures,Angular,NoSQL",7,4,Software Engineer
0dea3252-4121-4c91-ba4f-1c1679b5b3fa,8.09,Cloud Computing,"Python,Kubernetes,Angular",10,4,Cloud Engineer
ff07ad7a-130b-4fd3-8f99-a57710b73334,6.4,Database Management,"Scikit-learn,Pandas,AWS",17,5,Data Scientist
e9e3d74a-9d02-439f-9554-49e2272e00fa,8.83,Web Development,"Node.js,React,Git,Angular,PowerBI,Pandas,C++",16,5,Web Developer
071caee1-66a5-4f8c-9811-ece035895669,6.65,App Development,"Data Structures,Python,Java,Git,React,C++,PyTorch",17,3,Software Engineer
bba04b87-0406-438a-a410-d93bc1f2ab73,9.12,Artificial Intelligence,"PyTorch,TensorFlow,Scikit-learn,Python,Tableau,C++,Azure",6,4,AI/ML Engineer
20ae1233-a518-4bef-82a6-88ee958202fd,7.99,Web Development,"Git,HTML/CSS,Tableau,Azure",12,4,Web Developer
cfce2a47-5c87-419b-982e-102b444caceb,7.39,Cloud Computing,"Docker,Linux,Azure,Java,PyTorch",20,4,Cloud Engineer
23861af2-aba6-4537-8f2e-4c7232401226,7.24,Machine Learning,"PyTorch,Mathematics,NumPy",13,1,AI/ML Engineer
c296e799-73f5-4bb3-b793-9c97377bbcfe,6.78,Web Development,"JavaScript,React,SQL,TensorFlow",10,4,Web Developer
f2bf9222-4dc1-48fa-8d35-907968034c46,7.48,Cloud Computing,"Linux,Docker,Azure,NumPy,HTML/CSS",15,4,Cloud Engineer
6a4311bc-29e2-4f45-ac6f-2ebef4f67e62,8.77,Database Management,"PowerBI,Excel,SQL,Pandas,Angular,Docker,JavaScript",8,1,Data Analyst
e641d3e5-e6e3-43b8-a6a3-0114acf66cb9,8.08,DevOps,"Kubernetes,AWS,Git",19,2,Cloud Engineer
d8af747b-4314-44ef-83d3-ddde3b18f01f,5.94,Cybersecurity,"C++,Git,Docker",5,3,Software Engineer
ac983baa-c32f-4969-b70b-0158717dce02,7.81,Artificial Intelligence,"Mathematics,Scikit-learn,PowerBI,Azure",17,5,AI/ML Engineer
622989ba-209a-4683-bc8b-1a2a94d3b63e,8.49,DevOps,"Python,Docker,Kubernetes",7,5,Cloud Engineer
ca90c3ba-8140-40f2-99a2-8e7fb29a8516,8.06,Machine Learning,"Tableau,Excel,SQL,PowerBI,Kubernetes,React,C++",11,2,Data Analyst
a68ac9a7-80a4-4c93-af77-aee594461fc6,5.44,Artificial Intelligence,"Python,Scikit-learn,PyTorch,TensorFlow,JavaScript,HTML/CSS,NoSQL",13,2,AI/ML Engineer
ddff1d0c-b901-4785-ba58-f5d68b3770c4,7.44,Web Development,"HTML/CSS,Angular,Azure,NumPy",17,4,Web Developer
9381a345-a6d5-4bd2-83f0-036955650beb,9.12,Web Development,"React,Git,TensorFlow,Java",10,5,Web Developer
1a9ae93c-d393-4ce1-b9b8-7ffdce7fc4f6,8.96,Web Development,"Git,JavaScript,HTML/CSS,React,Azure,PyTorch,Kubernetes",9,2,Web Developer
94f15f66-fdcb-4b06-98be-12e7f15bf3d0,6.9,Machine Learning,"Data Structures,C++,Java,Python,Docker,Tableau,Pandas",17,5,Software Engineer
2c12909a-56ac-4d7d-bf0e-0a83aa85d58f,6.15,Web Development,"Git,Node.js,TensorFlow",5,4,Web Developer
5d37e156-fb9a-4f87-8f30-b520a21bc7b9,7.21,Cloud Computing,"Python,Azure,Linux,Kubernetes,NumPy,SQL,Docker",16,2,Cloud Engineer
51febb6f-3bcd-46b3-8ad5-d66c8118cb1c,8.53,Database Management,"Excel,Tableau,PowerBI,SQL,Git,Java,AWS",8,5,Data Analyst
c5b03d7b-5642-47fd-886e-6de002ec2bbd,10.0,Machine Learning,"TensorFlow,Scikit-learn,AWS",6,1,Data Scientist
1a8f07a4-5686-4905-b697-7031da8baacb,8.84,DevOps,"Docker,Azure,AWS,Python,Angular,HTML/CSS",9,4,Cloud Engineer
269834c7-66d5-45b9-9735-dbb4decb66a7,6.34,Cloud Computing,"Git,Data Structures,Java,SQL,Azure,React",18,2,Software Engineer
3a1033c3-f4b0-46d2-ac0d-d60ad6c331d8,5.25,Data Science,"Tableau,NumPy,SQL,Azure,PowerBI",8,3,Data Scientist
6b430006-fb8d-4729-a02f-1027946258bb,6.18,Machine Learning,"Mathematics,PyTorch,AWS",12,1,AI/ML Engineer
b80dcb9d-e8f2-4f0a-a161-7f043dc5b694,5.34,Web Development,"Git,Angular,React,C++,PowerBI",10,1,Web Developer
d564668d-1315-4a1b-8f67-2304543b55e2,8.35,DevOps,"Docker,AWS,Python,Linux,Azure,JavaScript",7,3,Cloud Engineer
7eaa7fc3-91ba-4674-bc65-7074a4dcb30c,7.37,Database Management,"PowerBI,Excel,Git,Python",9,2,Data Analyst
5caa499d-77ef-4b05-a70e-58a56e1c841f,8.67,Machine Learning,"Scikit-learn,PyTorch,Python,TensorFlow,Java,Azure",8,3,AI/ML Engineer
66bfd21a-3eee-4d09-bf76-e0bca2975695,7.04,Machine Learning,"Scikit-learn,PyTorch,Mathematics,C++,React",17,4,AI/ML Engineer
26966e14-165d-4db6-835b-2aa3658c2816,8.46,Data Science,"Python,SQL,Angular,Git",7,3,Data Analyst
04673cfe-bc55-4c6c-9064-87abf50e8ed0,7.1,Data Science,"SQL,Python,PowerBI,Tableau,Java,PyTorch",15,1,Data Analyst
e94638e8-fa79-459b-900e-c86673d0ea71,7.13,Web Development,"HTML/CSS,Git,React,Angular,Java,Tableau,C++",8,4,Web Developer
739ffd32-cd7d-4c2a-87bb-a1be293b2e1b,7.22,Machine Learning,"SQL,Tableau,Pandas,Scikit-learn,Kubernetes,Java,Angular",6,3,Data Scientist
dc441142-8c56-4321-b3dc-a13dcd941024,6.6,Data Science,"Excel,SQL,Python,Tableau,AWS,Kubernetes,Pandas",9,1,Data Analyst
6df83bd2-914c-44f3-8f47-54e7bc7d74a2,9.3,Machine Learning,"Mathematics,TensorFlow,Python,Scikit-learn,JavaScript,PowerBI,Kubernetes",10,1,AI/ML Engineer
d2537d06-5c5a-4d93-900d-c23d2815d100,8.07,game Development,"Java,Git,Data Structures,Python,AWS,Docker,NumPy",15,2,Software Engineer
59436838-38d6-474b-8a96-809e3874ed1c,6.98,Web Development,"Git,React,AWS",5,4,Web Developer
3f55c709-0740-4d20-8502-9c1fae986119,8.18,DevOps,"AWS,Linux,TensorFlow",19,1,Cloud Engineer
e10db1c3-c457-476a-89c4-ad5acc0106e9,7.15,Database Management,"Tableau,Scikit-learn,NumPy,SQL,React,Azure",16,5,Data Scientist
3d71ca7c-3ae0-4547-b0ee-41e21b4d6fc0,8.18,Machine Learning,"TensorFlow,Pandas,Python,NumPy,Java,Azure",9,4,Data Scientist
33a531b8-13a8-4d53-8964-e5d8e7d0001e,4.75,DevOps,"Python,AWS,Kubernetes,Docker,Git,React,SQL",16,4,Cloud Engineer
49228f8c-cccf-44df-a2e5-d2f251a79ded,6.91,Data Science,"Java,C++,Data Structures,Python,AWS",12,5,Software Engineer
84ee90b5-6e5a-4ea4-8bcb-2b2c329a2068,9.82,Web Development,"React,Git,Scikit-learn",17,4,Web Developer
54ee0db3-e31d-4456-9d79-6b54e3e45bc2,7.79,Web Development,"JavaScript,React,Git,Angular,Kubernetes,Docker,Scikit-learn",14,2,Web Developer
5449eb02-8b18-4622-b860-c04b35858de7,8.41,Machine Learning,"Pandas,Tableau,Scikit-learn,TensorFlow,NoSQL,Angular",8,2,Data Scientist
eded7300-df02-483e-a2a5-93fe4f5c7e5e,7.17,Cloud Computing,"Azure,Kubernetes,Git",12,4,Cloud Engineer
e4a6a906-4cd9-48de-85ec-9ee1c4176b29,7.18,Cloud Computing,"Python,Kubernetes,TensorFlow,Scikit-learn",8,4,Cloud Engineer
26831f41-ac63-49fd-86e0-a1585e2be38d,6.98,Data Science,"Pandas,Excel,Tableau,Python,Kubernetes,Angular",19,4,Data Analyst
dff8cb9e-9fba-4cc8-b825-06f041e44064,9.69,Database Management,"Python,Pandas,NoSQL",13,1,Data Analyst
094a2473-d7ed-4a18-9c6a-3053892086d5,7.21,Cybersecurity,"C++,Git,NoSQL,TensorFlow",12,1,Software Engineer
c3c33bb8-c1d6-4a00-b5b7-7e36b0fb5432,8.68,Web Development,"Angular,Git,JavaScript,HTML/CSS,SQL,Pandas,Docker",16,3,Web Developer
4004037e-d4c3-4192-a2a3-dc5960f90142,8.64,game Development,"Java,Data Structures,Python,Docker,C++",20,5,Software Engineer
00d72b91-47a1-4f1c-bb81-4a985d156a80,4.88,Artificial Intelligence,"PyTorch,TensorFlow,Scikit-learn,Mathematics,Kubernetes,Docker",14,3,AI/ML Engineer
bb0ff910-91a3-4b5c-a458-56cf79963052,9.03,Cybersecurity,"Java,Git,React,Pandas",8,1,Software Engineer
f61ddb0b-8eb7-4b9a-b23d-8016686dbdd2,7.36,Data Science,"Pandas,Python,Java,Tableau",20,2,Data Scientist
a02973cf-4c61-416e-8ec3-5582a997eecc,5.26,Web Development,"Node.js,Angular,Scikit-learn",19,4,Web Developer
0b0cdfbd-7fc8-422b-9be4-f825f57927a1,6.98,Cloud Computing,"Azure,Docker,Linux,AWS,SQL,Scikit-learn,Angular",15,3,Cloud Engineer
ee42cba5-1594-4ac8-987f-32ab51335a88,8.43,Database Management,"PowerBI,Tableau,Python,Excel,NoSQL,Angular",5,5,Data Analyst
1a4f9b86-8b4c-4db5-8e59-2b6123b8cc8d,6.45,Cloud Computing,"Python,C++,Data Structures,SQL,Azure,HTML/CSS",19,4,Software Engineer
d01a45d6-f43e-4e05-a0c9-155fd896a4f1,6.72,DevOps,"Linux,Azure,PowerBI,Docker",5,1,Cloud Engineer
16ec286e-3f9b-4d7e-95b5-de879741d46b,5.73,Artificial Intelligence,"Python,C++,Data Structures,Git,Angular,Azure,Java",20,4,Software Engineer
7b2a6977-5441-4a98-bde8-5fdd14f5fe1d,5.09,Machine Learning,"Scikit-learn,Mathematics,Python,TensorFlow,React,Angular,NoSQL",20,2,AI/ML Engineer
52787859-8d27-470c-916a-07b1d187cccc,6.46,Data Science,"SQL,Python,HTML/CSS",15,5,Software Engineer
0422097f-084c-4f6f-9282-d39d617f6ba0,7.46,Web Development,"JavaScript,Git,HTML/CSS,Node.js,React,TensorFlow",11,1,Web Developer
f24fb262-2527-4c8d-8412-e580624203a6,6.61,Database Management,"PowerBI,Pandas,Tableau,SQL,Azure,Python",6,1,Data Analyst
e276fa6a-4a47-4232-8063-7ecd47cf78f1,6.67,Machine Learning,"SQL,Excel,PowerBI,Pandas,C++,AWS,Tableau",12,1,Data Analyst
bec67b5e-2aec-45bf-9dce-81a8d17edea8,7.91,Cloud Computing,"Azure,Docker,Linux,Python,TensorFlow,SQL",16,4,Cloud Engineer
c17f91c4-4304-495f-b96b-7d7b9be266a4,7.68,Machine Learning,"Pandas,Python,Excel,Docker,PowerBI",12,2,Data Analyst
68e51ffd-e161-4bd8-9831-531a21e1c7b4,8.14,Database Management,"Scikit-learn,Python,Tableau,NumPy,SQL,Kubernetes,Git",19,2,Data Scientist
2e2bba26-9736-4a71-9ed3-fbfd800767f3,6.25,Machine Learning,"Python,SQL,PowerBI,Tableau,PyTorch,HTML/CSS,NoSQL",8,2,Data Analyst
52e4ad88-5f0e-4f32-92d3-f5eb61a58396,7.93,Machine Learning,"SQL,Java,Data Structures,Python,TensorFlow,Scikit-learn",10,4,Software Engineer
ec1fcc11-7b6a-400b-870c-48b1f32a1441,8.63,Web Development,"JavaScript,Git,Java",13,5,Web Developer
9aad9ed6-c81d-4091-bb13-e3b3fabf53e6,8.4,Cloud Computing,"Python,SQL,Java,C++,PowerBI,React,Git",8,1,Software Engineer
c39fa7d1-7f01-4746-ad2f-28f24bab4ee2,6.37,Data Science,"TensorFlow,SQL,NumPy,Python,Java,PowerBI",10,2,Data Scientist
d3ec3529-bb79-46c2-a950-aa68780fb6e9,9.69,DevOps,"Kubernetes,Azure,Docker,Linux,C++,PowerBI,Python",10,5,Cloud Engineer
ed708c7c-5551-445b-b6c9-3c157c572a32,7.45,Machine Learning,"Mathematics,Scikit-learn,Git",14,3,AI/ML Engineer
f4d642bc-5fb7-463c-9665-616bccfa1060,6.12,Machine Learning,"TensorFlow,Python,Mathematics,PyTorch,SQL,NoSQL",11,3,AI/ML Engineer
d91249b1-2170-4453-ab54-c73c62095201,6.99,Web Development,"React,Angular,SQL,TensorFlow",9,4,Web Developer
ecc42aa3-3840-46fd-8bc2-ca51367649f3,5.34,Cloud Computing,"Kubernetes,AWS,Python,Azure,Java",6,4,Cloud Engineer
11bc7458-6874-4818-a83c-8f068916c445,8.16,Data Science,"SQL,Pandas,PowerBI",17,1,Data Analyst
c6b90475-044e-40e9-8c60-119641608d97,8.8,Data Science,"Excel,SQL,Java,TensorFlow",17,1,Data Analyst
44e983a4-0990-4215-b56a-b9aa194cc0c2,7.27,Machine Learning,"Java,Git,JavaScript,Python",6,4,Software Engineer
0ecaaebc-ce7b-4462-97e0-ecebcce12789,6.0,Web Development,"Node.js,Angular,HTML/CSS,NumPy",19,4,Web Developer
bd4fd686-772e-47cb-8d3d-bd0ebec4af4c,8.27,Data Science,"Python,Java,AWS",19,4,Software Engineer
4286342a-b96e-4b37-912a-fc9c6d0eb5d3,8.26,Artificial Intelligence,"Mathematics,PyTorch,Python,JavaScript,Angular",20,1,AI/ML Engineer
d654a80c-eb52-4487-937f-2b86f50e2b24,9.05,Artificial Intelligence,"Java,Data Structures,SQL,Git,Tableau",10,2,Software Engineer
555c3c7a-916f-4781-b7e2-77a931fa8b98,6.87,DevOps,"AWS,Kubernetes,Linux,Azure,TensorFlow,HTML/CSS",18,5,Cloud Engineer
6417fa8d-3c84-4265-89c9-bdf23fe4ea77,6.59,Machine Learning,"Git,Java,Python,Data Structures,PyTorch,HTML/CSS,NumPy",16,5,Software Engineer
845c8f78-eb25-4d63-a057-56491228a392,8.94,Machine Learning,"Pandas,Scikit-learn,TensorFlow,NumPy,PowerBI,React,HTML/CSS",5,2,Data Scientist
6a9759cf-8ea8-404b-ac79-2403fd7d0747,8.08,Web Development,"Angular,HTML/CSS,Python,Azure",13,5,Web Developer
9976e8ff-6f1d-43cf-8df9-7ff87f731516,7.65,Cybersecurity,"Python,Data Structures,SQL,Java,PyTorch,JavaScript",15,5,Software Engineer
607b357f-7106-4318-9697-8ca49aef6266,6.99,Cybersecurity,"Python,C++,Tableau",20,5,Software Engineer
832df2d0-d9a8-46c2-9a9b-c3ac70482de8,6.41,Web Development,"JavaScript,Angular,React,C++,PyTorch",12,5,Web Developer
228d4ec5-135c-4692-a052-2ccb8149abb5,6.94,Cloud Computing,"Kubernetes,Linux,AWS,NumPy,JavaScript",15,4,Cloud Engineer
a70d168c-2c7a-4231-af45-fd6e20721320,7.62,Cloud Computing,"Python,Java,Data Structures,Pandas,JavaScript",15,1,Software Engineer
1dec6b72-7fdf-4e92-a752-01bf0560cf85,6.88,Artificial Intelligence,"Mathematics,Scikit-learn,PyTorch,Pandas",20,5,AI/ML Engineer
36723b86-71a3-4a1c-b6e5-769a3ae4f567,6.94,Database Management,"NumPy,Python,Pandas,NoSQL",19,1,Data Scientist
880d7c27-e62c-4811-b5db-621471696246,5.72,Database Management,"Tableau,Pandas,NoSQL",10,4,Data Scientist
fe78f367-a19f-4189-bcb4-085da133dffc,6.4,DevOps,"Linux,Azure,AWS,Kubernetes,PyTorch,NumPy,Angular",5,1,Cloud Engineer
bdbae549-a20f-4903-a0bc-908fe02ca909,8.64,DevOps,"Linux,Python,Azure,Kubernetes,Java,PyTorch",14,3,Cloud Engineer
3b3c254c-6f84-4740-add2-3e52b0b4ea09,9.33,Web Development,"React,HTML/CSS,Angular,Node.js,PyTorch,Git",12,2,Web Developer
0275e1f8-5855-481a-8714-6352afec4865,7.89,Machine Learning,"Tableau,Scikit-learn,Python,SQL,React,Git,Java",7,1,Data Scientist
87cb39bb-dada-4501-ae19-eed172f40e11,6.37,Web Development,"React,JavaScript,Git,HTML/CSS,Angular,C++",19,1,Web Developer
cf53349f-e1f2-4f3d-83b9-77e5500548a3,8.09,Machine Learning,"Python,Git,React",5,4,Software Engineer
77757e1a-1a95-4f98-9afe-e118c4b39757,7.28,Machine Learning,"PowerBI,Python,Pandas,Tableau,PyTorch,TensorFlow",7,1,Data Analyst
35fd5dea-2b8e-4924-a721-79dbd96925b0,7.5,Web Development,"Angular,React,Git,Docker,Java",8,3,Web Developer
c2fb091a-8f9a-4e72-bca3-f5750e23c2db,6.68,DevOps,"Data Structures,Git,JavaScript",11,3,Software Engineer
9f858af1-e5e5-4e0a-871e-efe355082453,8.62,DevOps,"AWS,Linux,TensorFlow",6,5,Cloud Engineer
41a434d2-8ca9-40a4-bc5c-d7d2f6e13288,6.98,Machine Learning,"Scikit-learn,TensorFlow,Python,PyTorch,PowerBI",14,5,AI/ML Engineer
bc284838-a1fd-48cb-998d-f29404611e3c,9.01,DevOps,"Python,C++,Data Structures,Java,NoSQL,PowerBI",19,2,Software Engineer
150cea40-5a67-44fb-bd23-85113bc69664,6.75,Machine Learning,"Mathematics,PyTorch,TensorFlow,C++,Python",17,3,AI/ML Engineer
09e85a10-a258-4d04-9fbe-d6eddeac731a,7.02,Database Management,"Excel,SQL,Tableau,PowerBI,Azure,Git",11,5,Data Analyst
51eaa259-32ab-49e5-8a81-502ce28c7b39,7.0,Data Science,"Tableau,PowerBI,NumPy,Azure",10,4,Data Analyst
64f58aa8-4ab0-4a22-ae46-713bdfaf0268,7.08,Data Science,"Pandas,SQL,Angular",18,3,Data Scientist
a0d19b5f-02fc-4214-b64c-c4cdc78c34e8,7.77,Cloud Computing,"Linux,Docker,Kubernetes,Python,Tableau",18,4,Cloud Engineer
c76825ab-4e04-4c8e-b378-9f73d9b8fc78,8.22,Web Development,"HTML/CSS,Node.js,Java",7,2,Web Developer
df97efee-e57b-4b66-a7df-d57b126d0d72,7.85,Machine Learning,"Data Structures,SQL,Java,PyTorch,Kubernetes",16,5,Software Engineer
73153fe9-aac8-489a-af18-77ab572ea393,7.83,Web Development,"HTML/CSS,React,Git,Azure,Java",5,5,Web Developer
125db25d-4dae-49af-a53c-e8d6e01f4a42,9.31,Web Development,"Node.js,Git,Docker,Angular",10,5,Web Developer
e1e9b55c-3035-4a54-a66a-7a9ec270f453,9.1,Cloud Computing,"Linux,Docker,React,HTML/CSS",8,1,Cloud Engineer
6b0070aa-6b51-4274-99f9-7b4cd78abc24,7.43,Data Science,"Java,SQL,Data Structures,C++,TensorFlow,Tableau,HTML/CSS",7,4,Software Engineer
1c70e7d2-c6a4-43d8-a5b7-c6c5aafe4631,6.71,DevOps,"Azure,Python,NoSQL,AWS",19,1,Cloud Engineer
443390ea-403a-422e-b6d9-208c98b546bd,9.02,Web Development,"Java,Data Structures,C++,Python,HTML/CSS,Angular,TensorFlow",5,2,Software Engineer
45b4ab91-0871-4c0e-a970-ef069188be93,7.14,game Development,"Python,SQL,Angular",9,4,Software Engineer
b365711f-5b1e-458a-8758-555a7a31efa6,8.1,Data Science,"Tableau,SQL,AWS",10,5,Data Analyst
8fd9ccff-02e8-4e86-a974-eb3985853cbd,7.26,Data Science,"Data Structures,C++,Git,Angular",8,1,Software Engineer
e2200701-1e2d-4eb7-abaf-5e7f129cfc11,6.92,Machine Learning,"Tableau,PowerBI,Excel,Pandas,React,Angular",6,2,Data Analyst
66a530a9-3dd8-41a7-b4b8-7f580b84dadf,7.85,Data Science,"Tableau,PowerBI,SQL,Python,PyTorch,Git,Azure",14,5,Data Analyst
a710c2d9-9532-47e1-b35e-70263ab7e4c5,9.1,Machine Learning,"PyTorch,Scikit-learn,Docker",16,1,AI/ML Engineer
b7fac084-b61e-4f3a-9355-66421528c073,6.65,Data Science,"Python,Java,C++,Git,TensorFlow,NumPy,JavaScript",14,5,Software Engineer
7bbaef91-a4f2-4b4a-b556-f89d7a094820,6.58,game Development,"C++,SQL,Python,Data Structures,NoSQL,JavaScript,Kubernetes",13,4,Software Engineer
0a40cb0a-8926-4489-8823-359dda733de6,7.34,Artificial Intelligence,"TensorFlow,Mathematics,Scikit-learn,Python",6,2,AI/ML Engineer
a6e2423f-8ab9-4d5b-80e1-ccb33cc5057e,8.64,Machine Learning,"PyTorch,TensorFlow,HTML/CSS",14,3,AI/ML Engineer
6073c962-b2e3-4848-9c1f-fe13934f41be,6.68,Web Development,"C++,Python,SQL,NoSQL,HTML/CSS",20,1,Software Engineer
b3ba959d-4ef2-4d03-b55a-0e84283c8c56,7.88,Database Management,"SQL,TensorFlow,Kubernetes",8,2,Data Scientist
c50f8399-9fa3-4212-a46b-572eff7a391e,7.96,Data Science,"Python,NumPy,HTML/CSS,AWS",18,1,Data Scientist
49a1f601-d3ab-4d49-ab1a-9a77b36dfe21,7.46,Machine Learning,"TensorFlow,Mathematics,Scikit-learn,PyTorch,Java,HTML/CSS,C++",17,3,AI/ML Engineer
f3fbecb9-d299-4d1f-8e79-7e94cd3455e4,5.95,Data Science,"Scikit-learn,Pandas,JavaScript",14,3,Data Scientist
3e299312-3528-4dc5-9662-e263cbbb9efc,5.91,Web Development,"React,HTML/CSS,Angular,Git,PowerBI,Java",5,1,Web Developer
a896c6c0-5a4f-4c8e-bcbb-3f4564e95359,8.97,Web Development,"Node.js,Angular,HTML/CSS,Tableau",11,1,Web Developer
3ed2d078-059f-4ac5-ae0e-93b27d50ddd3,7.62,Database Management,"Pandas,Python,Tableau,Azure,PyTorch",7,2,Data Analyst
43051442-53a1-40b1-bdd3-856f054a9bb5,6.25,Web Development,"Git,React,C++,Python",17,3,Web Developer
859f4aa8-2dd0-4ceb-be4b-0df1391a68f7,8.23,Web Development,"JavaScript,Angular,Node.js,Tableau,Java",16,3,Web Developer
e0ef722a-24c1-41e3-bd95-58e18d3814bf,7.24,Data Science,"NumPy,Python,Kubernetes,PyTorch",6,2,Data Scientist
7622230b-58ea-4645-8a99-e9db73d4fff1,8.18,Database Management,"Excel,Tableau,TensorFlow,NoSQL",11,2,Data Analyst
bd98c133-6f72-4e0e-9d11-8a9dd163d4ca,6.81,DevOps,"Docker,Kubernetes,Python,Linux,Pandas,Tableau",18,2,Cloud Engineer
a0fa4828-cbde-4202-b9af-4b3ebf6cb2a0,7.38,Web Development,"React,Angular,Kubernetes",9,2,Web Developer
36cf1828-93d7-4734-a072-618525854c06,5.73,Machine Learning,"PyTorch,Python,Mathematics,Git,Azure",12,3,AI/ML Engineer
bb83d048-c3b2-4fe9-aee0-18762391f396,8.47,Data Science,"Python,Pandas,Scikit-learn,TensorFlow,Angular,Azure",20,1,Data Scientist
9bcb78b0-715b-4198-9649-d232734355bc,8.34,Machine Learning,"Java,Git,C++,Docker",9,1,Software Engineer
9c787a60-61b3-40da-ac5d-c33fdee00787,7.78,Web Development,"JavaScript,Node.js,React,Java,Scikit-learn",16,5,Web Developer
9f38c396-e0e7-42ab-a273-3ed62b5cb923,6.78,Machine Learning,"Scikit-learn,SQL,NumPy,Python,Java,React",10,3,Data Scientist
4bed81fd-70a3-45bc-9fe4-1754b492c247,8.49,Data Science,"Scikit-learn,Tableau,SQL,TensorFlow,Java,JavaScript",5,5,Data Scientist
1fe7b4a0-6f7d-47dc-a6c7-f06a68385ab6,8.29,game Development,"Git,Data Structures,AWS,Scikit-learn",19,4,Software Engineer
0dae0dd5-997f-4321-bac0-383150d89f26,6.26,Web Development,"Angular,HTML/CSS,JavaScript,Node.js,PyTorch,C++",6,5,Web Developer
1140c3dc-ae7e-4958-b17c-1c34694e85b5,6.71,DevOps,"Kubernetes,AWS,Azure,Linux,Java,C++",5,3,Cloud Engineer
c91b03d7-94f4-435f-b1bb-14faad14d606,7.34,Cloud Computing,"Kubernetes,Azure,Python,Linux,C++,NumPy,React",11,2,Cloud Engineer
cf2ca7c7-02f3-4fac-afac-fdde44453f27,7.31,Machine Learning,"Pandas,Excel,Git",6,1,Data Analyst
a9767d28-acf5-42d8-b279-00fe51aad828,8.34,Database Management,"Pandas,Scikit-learn,Tableau,Angular,AWS",19,1,Data Scientist
bed5c9b4-9035-4ada-abd6-b62c47b3bd8b,7.48,Web Development,"JavaScript,Angular,Git,HTML/CSS,NoSQL,SQL",19,3,Web Developer
9005d615-1310-40c0-83cf-0fbe4c06d890,4.58,Machine Learning,"Python,Scikit-learn,JavaScript,React",16,2,AI/ML Engineer
7eb34e84-f0df-4366-b3f9-3a1d9bffef83,4.51,Data Science,"Tableau,PowerBI,Git",12,5,Data Analyst
ef2644ff-bd65-42ff-9d65-319ea4cfe07e,7.03,Cloud Computing,"Azure,AWS,Kubernetes,Docker,TensorFlow,Tableau,Python",14,3,Cloud Engineer
a793c49b-7330-4040-b248-e393ddb06b24,7.39,Machine Learning,"Mathematics,PyTorch,TensorFlow,Python,Git,PowerBI,Tableau",6,5,AI/ML Engineer
f1ff6f03-e66f-4884-a090-7306e6656d70,9.15,Data Science,"SQL,Pandas,Scikit-learn,AWS",20,1,Data Analyst
66ba3e52-d494-4506-b3d8-e423e1990227,9.73,Artificial Intelligence,"PyTorch,Python,Scikit-learn,Mathematics,Tableau,PowerBI",12,4,AI/ML Engineer
310a9c7c-a01d-423a-b91d-5e2292a39194,8.41,Data Science,"SQL,Python,TensorFlow,HTML/CSS,Java",19,4,Data Scientist
37201574-2277-4395-854b-f1ed0eabca26,6.82,Machine Learning,"Scikit-learn,Python,PyTorch",17,2,Data Scientist
b0df193d-0b56-460f-a75c-c4ae41a8c4c8,8.46,Web Development,"Angular,Node.js,HTML/CSS,Python,PowerBI",17,4,Web Developer
5a30a0fb-aa23-4639-beb0-1210b9cbf53d,7.05,Cloud Computing,"Python,Linux,Docker,Kubernetes,NumPy",11,2,Cloud Engineer
f2756a9c-857e-4187-b8f2-abf01cee0198,8.09,DevOps,"AWS,Azure,Docker,Linux,React,Tableau,Python",7,4,Cloud Engineer
8b1e8b8f-aaf7-407b-9a03-e658763c03fc,7.69,Data Science,"Scikit-learn,Tableau,NoSQL,PyTorch",9,1,Data Scientist
3d8f9cd5-a1b6-4453-bd25-b1ade97ff352,7.54,DevOps,"Azure,Kubernetes,AWS,Docker,Python,PowerBI",19,2,Cloud Engineer
9d43656c-137f-4650-9e89-082387c97a41,8.24,Web Development,"Angular,React,Node.js,Git,Java,Kubernetes,NumPy",20,5,Web Developer
9f2a018c-674c-4977-a30c-26cb8cf16434,5.25,Artificial Intelligence,"Scikit-learn,Python,Mathematics,TensorFlow,SQL,Pandas",15,1,AI/ML Engineer
61872ada-73d2-49f5-b136-9effdaf59c19,6.12,Data Science,"Scikit-learn,NumPy,Pandas,Git",6,2,Data Scientist
5e625394-f5e0-4454-9fd5-46fe3b8ebe2d,7.25,Database Management,"PowerBI,SQL,Pandas,Tableau,Angular",8,2,Data Analyst
a4800ad3-5f56-4b4f-9300-8366274daf9d,5.43,Web Development,"Java,Git,Python",9,5,Software Engineer
eb762c5c-e223-4725-8aa3-90a6c29361c8,8.67,Web Development,"JavaScript,Git,Angular,HTML/CSS,Scikit-learn,PowerBI,Pandas",16,4,Web Developer
2b61159b-06f2-4df8-8086-ae64b5d24811,6.35,Machine Learning,"Scikit-learn,NumPy,Git",9,5,Data Scientist
a31a95d3-8f68-4b20-a66a-7ddaee42f52d,7.68,Artificial Intelligence,"Mathematics,TensorFlow,Pandas",16,4,AI/ML Engineer
7c0ab64a-20f2-4910-89e3-23dab8d91add,7.11,Machine Learning,"PowerBI,Pandas,Excel,Python,Docker,Tableau",5,2,Data Analyst
5684c6db-5f9b-45d2-87f1-fa4d0ad2d86f,8.21,Cloud Computing,"Python,Docker,AWS,Kubernetes,HTML/CSS,Tableau,TensorFlow",12,5,Cloud Engineer
7ecea1dc-f715-459e-a327-bf0a47f91459,6.08,Cloud Computing,"Python,Linux,Java",19,2,Cloud Engineer
53fb4e25-4dfa-47ad-af73-50d41936a682,8.61,Database Management,"Pandas,Tableau,Angular,NoSQL",13,1,Data Scientist
9463fd28-5def-43fe-b4b9-369a7df306be,8.86,Database Management,"Data Structures,SQL,NumPy",17,1,Software Engineer
676fe032-1122-4e01-9620-d2c93a3b4140,7.62,Database Management,"Tableau,Pandas,C++,Kubernetes",12,2,Data Analyst
f0e44560-352a-4460-865a-0a6b87fa9344,8.21,Web Development,"Node.js,JavaScript,HTML/CSS,PyTorch",16,5,Web Developer
c1888e84-961a-49b6-a730-30bf2d5ae0eb,6.29,Data Science,"Python,NumPy,SQL,React,C++",9,1,Data Scientist
78469be2-5f94-4b8b-af88-cc44c4c21e97,9.8,Web Development,"Angular,React,NumPy,C++",14,2,Web Developer
ca1d381c-dbb6-4ec5-a165-7cf906f6ebfb,5.98,Cybersecurity,"C++,Java,Data Structures,SQL,React,TensorFlow",7,3,Software Engineer
8a68359a-57e2-498b-a774-f3600529f407,7.37,DevOps,"Linux,Docker,Kubernetes",9,4,Cloud Engineer
58c9391e-ad34-4ea3-aa37-b648134bd272,7.55,Artificial Intelligence,"TensorFlow,PyTorch,HTML/CSS,Java",14,1,AI/ML Engineer
5a14b298-b39b-4ca8-aba2-6c7a016c9b85,7.83,Cloud Computing,"Linux,Azure,Docker,HTML/CSS,Git",16,4,Cloud Engineer
94cc8c21-f16f-48dc-ac47-ec57477696cb,9.04,Artificial Intelligence,"Scikit-learn,TensorFlow,PyTorch,Python,PowerBI,Docker,React",11,1,AI/ML Engineer
0decf824-3836-4d4c-8017-18b551ab993d,6.71,Machine Learning,"Tableau,Excel,HTML/CSS",18,5,Data Analyst
25106e01-9552-4359-9f02-b0087f86c943,6.47,Web Development,"JavaScript,React,Angular,Azure,SQL",7,1,Web Developer
4af4afbd-e1d0-485a-9b71-c788a88992bf,8.13,Artificial Intelligence,"Scikit-learn,Python,Java",16,4,AI/ML Engineer
e4a402c5-29ab-47ae-acff-e436ea5ea4aa,8.22,Machine Learning,"Scikit-learn,Mathematics,PyTorch,HTML/CSS,Pandas",9,5,AI/ML Engineer
f83c3d74-90cd-46f1-becf-af6dbea59b4f,8.82,Web Development,"HTML/CSS,Git,Angular,React,AWS",11,3,Web Developer
6b488f52-45fd-4066-8deb-ad921854c731,6.07,Web Development,"Java,Git,SQL,Pandas,C++",10,3,Software Engineer
186c97d6-b105-4f76-978c-afe3ddbc4c79,5.9,Web Development,"Java,Python,SQL,C++,Scikit-learn,HTML/CSS",6,4,Software Engineer
76078e70-71a5-46a2-9393-698b462e7256,6.01,Database Management,"Python,SQL,Git,Java",7,4,Data Analyst
c17a7877-2f1b-48e0-a3f9-ed701acf1396,7.75,Data Science,"Tableau,Scikit-learn,Python,Pandas,TensorFlow,SQL,JavaScript",8,2,Data Scientist
3804a27d-5a01-452b-855e-83ccb9d9029a,6.05,DevOps,"AWS,Linux,Azure,Python,SQL,PowerBI",8,4,Cloud Engineer
67aded81-a7b6-4c15-802e-203ffb457efb,8.57,Web Development,"Git,C++,SQL,Docker,PyTorch",5,2,Software Engineer
5693f425-82a8-4b4c-a7a8-791720c9cfb6,7.03,Database Management,"Pandas,SQL,PowerBI,Kubernetes,Azure",9,1,Data Analyst
9d72ae43-a8b0-4664-870a-3ba59d981176,9.01,Artificial Intelligence,"Data Structures,Java,TensorFlow,C++",15,3,Software Engineer
0486d499-0f7f-4e1c-8c10-2bec04af815d,7.85,Artificial Intelligence,"PyTorch,TensorFlow,SQL,Git",20,5,AI/ML Engineer
04991773-b9b6-4242-a54a-f71591f6477c,6.85,DevOps,"Linux,Kubernetes,Pandas",14,4,Cloud Engineer
028361a4-1077-404b-b4c9-78ea5840d88e,7.24,Machine Learning,"NumPy,Python,Scikit-learn,Pandas,SQL,PowerBI,NoSQL",7,2,Data Scientist
9b9d29be-4e16-44d0-9b95-f269efea57ab,6.07,game Development,"SQL,Data Structures,Tableau,TensorFlow",14,2,Software Engineer
48267928-132e-4531-bd94-6f0e3d169809,9.77,Web Development,"React,Angular,Git,JavaScript,AWS,Azure,HTML/CSS",17,5,Web Developer
f76e9c55-3097-48ee-998a-83df3c3990c0,6.55,Machine Learning,"PowerBI,Pandas,SQL,Git,Tableau",10,2,Data Analyst
deeb52db-4a23-4807-a926-836aebe77577,8.96,Artificial Intelligence,"Git,Data Structures,C++,SQL,TensorFlow,NumPy,PyTorch",19,1,Software Engineer
49d0df47-9948-4886-b202-1c60c09906f9,6.66,Data Science,"TensorFlow,Python,NumPy,SQL,Tableau,Pandas",6,2,Data Scientist
6e4e6592-1184-41ca-a0fb-06ec804e39bf,8.21,DevOps,"Git,SQL,TensorFlow",15,5,Software Engineer
0438e82d-802d-4481-bb85-18685bddf560,8.39,Database Management,"Python,NumPy,TensorFlow,Angular,Azure",13,3,Data Scientist
5e1aefbd-84f4-47b6-8762-b0a2c63ba311,8.89,Database Management,"Excel,SQL,Python,JavaScript,Angular",7,4,Data Analyst
5f5e0b84-a4e8-4ff7-9c7c-59079d16c215,6.69,Database Management,"Python,Pandas,AWS,JavaScript",13,3,Data Analyst
ab508a3c-5032-424b-acad-e90ce057691f,6.21,Artificial Intelligence,"Java,SQL,PowerBI",20,2,Software Engineer
dbf16406-a386-426f-ae23-274f1b16efcd,7.24,Cloud Computing,"SQL,C++,Data Structures,JavaScript,NumPy",6,2,Software Engineer
ae587ecd-9fb7-46ef-abd9-8c57476c5bea,9.07,Artificial Intelligence,"Java,Python,C++,Git,PyTorch,AWS",10,1,Software Engineer
98cfac10-07ee-4081-bae0-05ca2920b3fd,8.01,Data Science,"Python,Git,Tableau,Angular",8,5,Software Engineer
d2d8ea24-6a63-41c6-b0f7-9ef5db060175,6.71,Data Science,"TensorFlow,NumPy,Scikit-learn,Docker",6,1,Data Scientist
ccc1ad09-e6c4-4824-af42-2dd4fa08c0d6,6.52,Cloud Computing,"Azure,Kubernetes,Docker,AWS,React,NumPy,NoSQL",12,5,Cloud Engineer
c50ef62c-33eb-4f1c-a595-e8a5bc3cb7dc,8.16,Database Management,"Pandas,Tableau,Git,PowerBI",7,5,Data Analyst
f8e9e6ad-7f87-47eb-ad7d-a8afd5b515d1,8.14,Data Science,"SQL,Pandas,Tableau,HTML/CSS,PyTorch",5,1,Data Scientist
a2af9aeb-c77f-49e9-b12b-270e366d6638,9.43,Web Development,"React,Node.js,JavaScript,Tableau,Scikit-learn",14,5,Web Developer
6e14acc3-3dad-4ac6-975d-8c2abf1654bd,6.91,Data Science,"Pandas,PowerBI,Python,Tableau,Docker,HTML/CSS,NoSQL",12,4,Data Analyst
4b0ba699-1dc1-4125-82d4-6334659b8eb0,8.38,Machine Learning,"Python,PowerBI,Pandas,Tableau,SQL,Docker,NumPy",8,2,Data Analyst
77da2634-ab2d-4a54-b4bd-fccce09e0275,8.46,Database Management,"Excel,PowerBI,Tableau",9,2,Data Analyst
7367dcdf-2056-452a-b195-25cce7601593,8.37,Cloud Computing,"C++,Python,Docker,TensorFlow",18,4,Software Engineer
88386abe-2fcb-480d-978c-6e4113657366,7.35,Machine Learning,"Mathematics,Python,Scikit-learn",17,5,AI/ML Engineer
9ba80486-f396-435f-9d65-56f58d73f8ea,8.53,Artificial Intelligence,"PyTorch,Python,TensorFlow,Mathematics,C++,Java,Kubernetes",7,3,AI/ML Engineer
bf21558a-8072-460f-9b18-99294e1a6605,8.77,Artificial Intelligence,"Data Structures,Java,Tableau",6,3,Software Engineer
8d675fa5-3f59-4eb8-a229-b8b309c7b4f3,8.78,Machine Learning,"Git,Data Structures,Python,Java,JavaScript,Kubernetes,Docker",5,2,Software Engineer
e2125f3e-023b-4154-bd2b-0e8138431c28,8.12,Data Science,"TensorFlow,Pandas,NumPy,C++,Kubernetes",11,5,Data Scientist
e7226b64-058c-4f2c-a67a-fe4cdfe2e35a,6.6,Web Development,"Node.js,React,TensorFlow,Docker",15,2,Web Developer
29e07c97-7abc-447f-9419-d77b095d3686,8.84,Database Management,"Python,Git,PowerBI",17,5,Software Engineer
12f743c8-c36d-4c31-a5b4-6fc94a7de4b7,8.29,Database Management,"Tableau,SQL,C++,HTML/CSS",12,4,Data Analyst
8dd700c4-5ddf-4720-8d22-d13b6dcd76de,7.93,Web Development,"Git,Angular,Tableau",13,1,Web Developer
9d807be9-b949-4efd-a7b4-60053659d203,7.03,Cybersecurity,"SQL,Python,Java,Data Structures,PyTorch,Docker",6,1,Software Engineer
e7c29cc6-037b-4dba-89c4-ead38141bd98,5.18,Web Development,"JavaScript,Node.js,TensorFlow,Pandas",5,2,Web Developer
08ea718b-1d2e-45ac-984f-1125b9ee97a8,6.4,Data Science,"Tableau,Pandas,Azure",15,3,Data Analyst
09164d4e-8e1b-4455-a566-2cd999843095,8.46,Cloud Computing,"Python,Docker,Linux,Scikit-learn,Java",13,5,Cloud Engineer
ada3a349-9ca8-4841-83b7-75cea880af0c,8.26,Web Development,"Angular,Git,Docker",11,2,Web Developer
1871972c-3525-4c6b-8aa3-b16c869cd1c7,7.83,Machine Learning,"Python,Tableau,JavaScript",17,5,Data Analyst
faa4743a-a70d-4647-90b1-354299c96eca,5.99,Artificial Intelligence,"PyTorch,TensorFlow,Mathematics,Python,React,NoSQL",16,1,AI/ML Engineer
67d2c2b4-d4de-40a8-a19b-35eac36c6ef8,5.89,Web Development,"Git,Node.js,JavaScript,HTML/CSS,Kubernetes,Scikit-learn",6,5,Web Developer
1fd1f2cc-acc1-414a-a7ea-51aa3ac253f4,6.07,Web Development,"HTML/CSS,Git,Angular,JavaScript,Docker,Python,Pandas",7,4,Web Developer
c70961b3-ebaf-40f4-bf31-c2b9d7a33b12,5.78,DevOps,"Linux,Azure,Python,Java,TensorFlow",15,2,Cloud Engineer
0d2d6fe7-3586-4cfa-9a5a-23ed6bb81a46,6.26,Data Science,"Data Structures,C++,PowerBI",13,4,Software Engineer
2c03f10c-cd9a-4778-aaa7-95a04e355374,6.45,Artificial Intelligence,"TensorFlow,Python,PyTorch,Tableau,React",16,1,AI/ML Engineer
bb28b8f6-2bde-4dcb-8eec-26e20a2fa467,7.12,Data Science,"Tableau,Scikit-learn,Angular",18,1,Data Scientist
f1cee287-af9a-4cd9-b383-2cad0cbb9077,8.76,game Development,"SQL,Java,Python,Git,Tableau,C++,PyTorch",16,3,Software Engineer
37cf9898-e557-4a66-8592-10ff88782c9a,7.48,Web Development,"Node.js,Angular,Kubernetes",6,4,Web Developer
e0f7637d-4953-4e26-9e0b-d51541149a26,8.82,Web Development,"Python,Java,AWS",15,3,Software Engineer
ae46ce9d-bd8c-4783-9022-ae6d427ae8bc,6.68,Machine Learning,"PowerBI,Excel,NumPy",8,1,Data Analyst
c7f51e6c-ac76-4b89-a9dc-135c19904507,7.97,DevOps,"AWS,Python,Azure,Linux,C++,PowerBI",6,3,Cloud Engineer
fa1de31e-752e-4008-9d5e-35afa5c023a4,10.0,Web Development,"React,Node.js,Angular,Git,C++,Docker",18,4,Web Developer
3c2f0e01-0b50-46eb-b607-56099215c79e,8.4,Web Development,"Node.js,JavaScript,Python,NumPy",13,3,Web Developer
dace58b6-57fc-410e-89f4-f44f8ed0fbee,7.59,App Development,"Git,Data Structures,HTML/CSS,TensorFlow",10,1,Software Engineer
93eed973-c9e0-4438-8f2e-2f540203fb26,7.62,Machine Learning,"Python,Pandas,SQL,Kubernetes,HTML/CSS",17,4,Data Analyst
339c4a03-25c4-4ef3-a302-e1868d376408,8.52,Database Management,"SQL,Tableau,Python,Pandas,AWS,TensorFlow",20,3,Data Analyst
089a282d-a4ce-4392-92bc-4c36098bdd31,7.18,Machine Learning,"Python,Tableau,PowerBI,Kubernetes",15,1,Data Analyst
742afd8c-f07d-4d0b-a9e2-1aafb5652272,8.76,DevOps,"AWS,Azure,PyTorch,Git",6,3,Cloud Engineer
c457cd40-4825-47b8-a10f-8a5cc2ee5d62,5.72,Database Management,"Tableau,Python,Pandas,PowerBI,AWS,React",13,2,Data Analyst
af216685-ed90-47ec-983d-5f74276b8059,6.39,DevOps,"AWS,Linux,Kubernetes,Azure,React,Angular",10,5,Cloud Engineer
8730090e-25ce-4b91-a20d-0cbe49ca9285,7.82,Database Management,"C++,Git,Docker,Java",10,3,Software Engineer
ecd3c178-d27e-4464-873e-f9d863d3ac66,7.63,Database Management,"Python,Excel,Tableau,PowerBI,PyTorch,React",6,3,Data Analyst
2085e24a-e14b-4b4b-885a-eede4f04673d,8.25,Database Management,"Pandas,Tableau,Scikit-learn,TensorFlow,Python,SQL,HTML/CSS",15,2,Data Scientist
2d7d5ddf-71f1-4d8a-92d6-c234c6f12b53,6.71,Data Science,"Excel,SQL,Pandas",12,4,Data Analyst
c0c48e8d-39cd-48e4-b74f-1425c7743079,5.29,game Development,"Git,Java,SQL,Data Structures,PowerBI,HTML/CSS,React",17,1,Software Engineer
80c51440-4d4e-4195-ae79-f3762f0721c4,5.4,Artificial Intelligence,"TensorFlow,Python,PyTorch,Scikit-learn,Kubernetes,Docker,Azure",19,2,AI/ML Engineer
0d00d373-1b8d-41cb-bc75-0bb386510d25,6.49,Database Management,"NumPy,SQL,Scikit-learn,Pandas,Angular,PowerBI",9,4,Data Scientist
145c9693-0213-442b-baf5-39691fde93f6,7.3,Machine Learning,"Mathematics,Python,TensorFlow,AWS,Git",7,4,AI/ML Engineer
e6ff91b6-3029-4d05-8acb-84c47ffc6a0c,9.7,Machine Learning,"TensorFlow,PyTorch,Mathematics,Python,Java,NumPy,C++",5,1,AI/ML Engineer
ec39f54e-7da6-41a9-990b-dddc4f09e518,9.19,Artificial Intelligence,"Scikit-learn,PyTorch,Mathematics,TensorFlow,JavaScript,Pandas,NumPy",10,5,AI/ML Engineer
a94023f0-1f95-42c0-8ce1-01b3628a7d67,6.52,Artificial Intelligence,"Git,C++,Tableau,TensorFlow",14,3,Software Engineer
a0f3e466-8589-416b-b047-20c4426528ad,5.45,App Development,"Java,Data Structures,AWS,Tableau",6,2,Software Engineer
fb01914f-4189-4c7d-ab28-a38a31e3624b,7.12,Machine Learning,"TensorFlow,Tableau,Python,Scikit-learn,Angular,Java,Docker",9,2,Data Scientist
501e3802-396c-4aaf-b64a-48d08faf5fec,8.47,Machine Learning,"PyTorch,Python,Mathematics,Scikit-learn,Git,PowerBI,AWS",14,3,AI/ML Engineer
21c310b1-e4c9-4f94-ac29-7bc4c994ef1e,8.92,App Development,"Data Structures,C++,Java,Git,Kubernetes,Angular,Scikit-learn",14,1,Software Engineer
7142ac66-9546-4d08-acbf-e333c664b851,8.44,Data Science,"Data Structures,SQL,Python,Kubernetes,PyTorch",11,5,Software Engineer
7eed325b-1ba4-4e94-8ad5-569d59637cde,6.9,Database Management,"SQL,TensorFlow,C++",7,4,Data Scientist
706c52f0-1cbb-405e-8f86-e7be9d7e8c46,9.31,Machine Learning,"Python,SQL,Tableau,PowerBI,Java",5,5,Data Analyst
dd306cb0-02fa-41e1-ac65-c365dc688211,8.52,Database Management,"PowerBI,Pandas,AWS,Scikit-learn",18,3,Data Analyst
8e46c42c-dd50-4895-abc9-d59e469f3ec1,7.68,Data Science,"SQL,TensorFlow,NoSQL,Git",18,2,Data Scientist
31d8d9ec-923c-44ff-a38b-e3a5f7b26886,7.54,Web Development,"Node.js,JavaScript,HTML/CSS",14,2,Web Developer
7c76f7cb-f41b-45cf-946d-9c7ba5d527be,6.01,App Development,"Git,Data Structures,NumPy",15,5,Software Engineer
cfe09386-916c-4e93-b104-10cf46c7d207,4.0,Data Science,"Tableau,Pandas,SQL,Kubernetes,HTML/CSS",15,2,Data Scientist
a56da4cd-b24e-49ec-a6fa-96f53411cef3,8.24,Data Science,"SQL,PowerBI,Python,Excel,Docker,Tableau,Git",13,1,Data Analyst
6eef0e43-7873-4b03-9aac-da10cd4f4d6f,6.66,DevOps,"Python,C++,Data Structures,Kubernetes,PyTorch",10,5,Software Engineer
1a4b9a88-ab18-4730-89ce-7a2e1f51e46b,6.27,DevOps,"Docker,Kubernetes,Linux,AWS,NumPy,NoSQL",9,4,Cloud Engineer
19338757-8f6d-4b0c-9fb3-fca441688234,9.43,Database Management,"PowerBI,Pandas,Python,Excel,Azure,NoSQL,AWS",14,2,Data Analyst
0313a25f-f695-40e5-9499-82a7cba8b0cf,6.28,Database Management,"PowerBI,SQL,TensorFlow,Docker",14,5,Data Analyst
7bf44c48-6215-4d71-933e-db00f93c446f,8.83,Web Development,"Data Structures,C++,Azure,React",10,2,Software Engineer
80e1b815-567c-4740-96e5-b6a80ed76837,7.12,DevOps,"Data Structures,C++,SQL,Java,Git,Angular",9,4,Software Engineer
6b0d62c0-d7ee-4d73-b457-fd1320c04e53,6.75,Web Development,"Git,React,JavaScript,NumPy,PowerBI",20,1,Web Developer
4b937ffe-b9ae-4195-aae3-f22394a77d75,8.15,Data Science,"Python,NumPy,Scikit-learn,TensorFlow,Tableau,Docker",10,2,Data Scientist
45d3e0b4-0709-4019-886b-8694b05654c6,7.4,Data Science,"PowerBI,Python,SQL,Tableau,Scikit-learn,PyTorch",7,1,Data Analyst
7b9495f3-eb29-4503-86f6-de1d10a33b0b,7.65,Cloud Computing,"Linux,Azure,Kubernetes,AWS,Scikit-learn,C++,Python",6,3,Cloud Engineer
9ab5a2bd-eebf-48ca-887c-119de9303fe3,9.17,DevOps,"Linux,AWS,TensorFlow",14,3,Cloud Engineer
0af3b7b2-893a-442a-a55f-2eb7feaac409,7.29,DevOps,"Azure,Kubernetes,Docker,Python,JavaScript",8,4,Cloud Engineer
b749462e-3a9b-4b94-89e4-47d3ed95a9db,7.2,Machine Learning,"NumPy,SQL,Scikit-learn,Pandas,HTML/CSS,C++",10,3,Data Scientist
0e797a20-45b9-4911-a7c8-6db6d48fccbb,7.99,Data Science,"TensorFlow,Tableau,Pandas,NumPy,PowerBI",8,5,Data Scientist
fe083e09-0171-4348-aef3-5d461b8c105f,8.63,DevOps,"Azure,AWS,Tableau",20,5,Cloud Engineer
a617f038-2901-477b-ac69-f0cfce7d3ab5,8.42,Machine Learning,"Excel,Tableau,PowerBI",7,1,Data Analyst
537755ac-7262-4dd8-aad5-38a696e780ef,8.62,Web Development,"Angular,JavaScript,Node.js,HTML/CSS,PyTorch,Java",20,4,Web Developer
6ecc5e65-f92b-4e99-875f-67bf2d78621e,7.99,Data Science,"SQL,PowerBI,HTML/CSS,Azure",13,3,Data Analyst
ec53a62c-8681-455a-9f8f-2d35cc0a16ae,6.9,Data Science,"NumPy,Scikit-learn,SQL,React,Kubernetes",6,4,Data Scientist
f21da898-2fef-4987-823f-9148f4e9843d,7.56,Web Development,"JavaScript,Node.js,Kubernetes",6,1,Web Developer
c8ac1ba0-d078-4a73-9180-0cdb1ffe8d77,7.43,Cloud Computing,"Python,Kubernetes,React",18,2,Cloud Engineer
62500f45-1bc9-4b48-b30a-f502fc3d5ba8,7.16,DevOps,"Linux,Azure,Pandas,Scikit-learn",10,5,Cloud Engineer
279abe44-fc0c-494f-9f66-b0db0847d258,7.29,Data Science,"Git,Python,Pandas",20,5,Software Engineer
4380a38a-16ca-4629-a1f7-7bebe93710c9,9.34,Machine Learning,"Excel,Tableau,Python,NumPy",10,3,Data Analyst
1546a6e5-b0d4-4138-8368-3b38925d4897,10.0,Web Development,"Python,C++,PowerBI,React",19,3,Software Engineer
80851316-cffc-45a7-9d16-e960454b2530,5.5,Machine Learning,"PowerBI,Pandas,TensorFlow",14,3,Data Analyst
d79ea93c-b9e0-4b02-be77-8c2a6f651762,9.0,Database Management,"Data Structures,Git,C++,SQL,PowerBI,NoSQL",11,3,Software Engineer
fce1d51d-3913-423b-9812-6d0b94a3a9ef,8.31,DevOps,"Kubernetes,Azure,Python,NumPy",16,3,Cloud Engineer
2b7f4212-89eb-4f29-be61-158285f19110,5.96,Machine Learning,"Pandas,Scikit-learn,SQL,NumPy,Azure,Java",5,2,Data Scientist
10b38ec1-11f2-4be8-a1c7-328ec5ac15c9,7.95,Data Science,"Java,SQL,Git,Data Structures,Scikit-learn,HTML/CSS,Tableau",5,1,Software Engineer
9ee5ddf8-3d85-4eb9-88dc-c6a7c0051000,6.81,DevOps,"AWS,Python,Docker,PowerBI",16,4,Cloud Engineer
e9f2fad1-5e6f-4482-8f72-4080cd1076ee,7.77,Artificial Intelligence,"PyTorch,Scikit-learn,AWS,Java",8,1,AI/ML Engineer
bcca711d-bedb-4149-99b8-1db7175a1773,6.63,Machine Learning,"Data Structures,Java,C++,SQL,AWS,HTML/CSS,Git",16,5,Software Engineer
149b824d-bd0a-4cc0-afe5-7d77b1ed13a0,7.72,Machine Learning,"SQL,Python,NumPy",6,5,Data Scientist
a68f0dd0-7461-46b9-b769-548bb32cd5f9,6.79,Web Development,"React,Git,TensorFlow",6,5,Web Developer
746be6ec-b108-473b-80c8-b5fd86db0b0c,6.09,Web Development,"Node.js,HTML/CSS,Git",15,1,Web Developer
da8301c9-dcd6-48e2-9200-28b85027f041,6.26,Database Management,"Excel,Pandas,Python,PowerBI,PyTorch,C++,Java",15,4,Data Analyst
f6f93ea0-c990-4e7b-8552-9691d75cfe6c,9.52,Cloud Computing,"Data Structures,Java,Tableau",5,2,Software Engineer
f1d0ac6b-6eea-4a56-8617-1983d7a94d92,7.64,Cybersecurity,"SQL,Git,AWS",8,2,Software Engineer
20868bce-993f-4033-995e-44e957d7e11e,8.69,Data Science,"SQL,PowerBI,React,Scikit-learn",13,4,Data Analyst
a324ac8c-3270-4221-90d9-071df3bbc420,10.0,Data Science,"Pandas,NumPy,TensorFlow,Tableau,Docker,Scikit-learn,NoSQL",16,4,Data Scientist
f36981f2-ea7b-4cde-8d24-9999cc7b7def,7.89,Cybersecurity,"Git,SQL,AWS",7,2,Software Engineer
05340e96-7844-4a79-bf64-463bd1fb8982,5.63,Web Development,"JavaScript,Angular,Java,AWS",7,2,Web Developer
67f67635-9372-46b6-b6f0-ad2d65d3e496,7.53,Machine Learning,"PyTorch,Python,TensorFlow,Angular,NumPy",5,4,AI/ML Engineer
68540d8b-c6c3-4c07-9ce6-0befd246f015,5.45,Machine Learning,"PowerBI,Tableau,Python,Pandas,Angular,TensorFlow,Java",5,4,Data Analyst
f6a55ff4-2e37-413f-a6c1-21b57dc63fa9,7.42,Database Management,"Python,Pandas,Tableau",11,4,Data Analyst
95c6b9ad-c615-4e3e-9d88-f37b9019ea65,6.96,Database Management,"Python,Tableau,Excel,SQL,TensorFlow,Pandas",20,4,Data Analyst
e9f09a9c-52c8-45de-a657-24d39d0a9a08,5.54,Web Development,"HTML/CSS,Node.js,React,Tableau,NumPy",12,2,Web Developer
6a95a644-b8cd-4e1d-84a7-f73be5dc29b1,6.84,Artificial Intelligence,"PyTorch,Scikit-learn,Python,TensorFlow,C++,Docker",14,2,AI/ML Engineer
d757eb11-7ac0-47e4-97a7-98f08d7ab9df,5.71,Database Management,"Pandas,Scikit-learn,TensorFlow,Kubernetes,JavaScript",16,5,Data Scientist
b052a181-938f-47ad-907b-ea3266049560,10.0,Data Science,"Tableau,Pandas,SQL,NoSQL,AWS",10,4,Data Analyst
cb1543b0-eaaf-47a4-acf6-85337eab8faf,6.65,Artificial Intelligence,"PyTorch,Scikit-learn,NumPy",10,5,AI/ML Engineer
34323cc5-653e-4582-9756-90eaa2d318c2,7.22,Web Development,"React,Angular,AWS",10,1,Web Developer
68ff4a5b-7b27-4f97-9eca-0e9f44194011,8.35,Cybersecurity,"Data Structures,Java,C++,PowerBI,JavaScript",7,4,Software Engineer
99e2269e-b7d5-4bea-b08b-eb5b3ac8ffcc,8.5,Machine Learning,"PyTorch,Scikit-learn,TensorFlow,AWS,HTML/CSS",6,1,AI/ML Engineer
21672688-df8f-490b-8118-acb0220b3667,9.11,DevOps,"Linux,AWS,Azure,Python,Scikit-learn,Pandas,Kubernetes",13,5,Cloud Engineer
678eb49d-bccd-40a2-b87a-8ac665505c9f,6.31,Web Development,"Node.js,JavaScript,Azure",15,5,Web Developer
9a7b764a-1ce7-42c8-a3a2-d33d71e1afa9,7.19,Data Science,"SQL,Pandas,Python,Excel,AWS,Kubernetes",18,2,Data Analyst
45fc1589-454d-406f-b83c-67507d73ef59,6.25,Cloud Computing,"Python,Linux,AWS,Kubernetes,NoSQL,TensorFlow,NumPy",13,3,Cloud Engineer
bb74a0bf-8525-47f9-9455-df841d3d02aa,6.98,Web Development,"Angular,Node.js,React,SQL,Kubernetes",11,2,Web Developer
2733c4fb-584b-4a09-b39b-3d786383c782,6.82,Database Management,"Git,Data Structures,SQL,Python,HTML/CSS,JavaScript",19,2,Software Engineer
7a4b43aa-f895-4866-8373-1acab674b8df,8.19,Machine Learning,"SQL,PowerBI,Python,Excel,AWS,React",19,5,Data Analyst
7144a6e9-2834-4a14-9342-efee455f67a9,9.43,Machine Learning,"TensorFlow,Scikit-learn,Angular,C++",12,2,Data Scientist
bab9dbb0-7ab1-4c6f-8f2c-978f2ea7f992,6.95,Machine Learning,"Scikit-learn,Tableau,SQL,Pandas,JavaScript,Angular",16,3,Data Scientist
73fc0082-5133-45b9-a4fe-47d377986d34,6.68,Artificial Intelligence,"TensorFlow,Python,NoSQL",9,3,AI/ML Engineer
2a55d664-4154-442d-8a3e-6bb89d6154a1,7.25,Artificial Intelligence,"Mathematics,TensorFlow,PyTorch,Python,PowerBI,Git",19,1,AI/ML Engineer
0b787d4e-613c-4a44-825d-0f4d0e436777,7.77,Machine Learning,"Tableau,NumPy,Python,React",8,2,Data Scientist
bbcfa88c-7907-4426-aec7-69c13c888c64,8.05,Artificial Intelligence,"TensorFlow,Python,PyTorch,Scikit-learn,HTML/CSS,Docker",19,1,AI/ML Engineer
8bf83282-2b55-4d6e-88f2-afed00cd32c9,8.23,Machine Learning,"Pandas,Scikit-learn,AWS,Python",20,3,Data Scientist
5447f381-b090-4758-869c-d8e6d7056555,7.29,Machine Learning,"SQL,Python,React,PowerBI",16,4,Data Analyst
5236df8a-88a8-4f92-b944-1d43059e79d0,10.0,Artificial Intelligence,"Java,Data Structures,SQL,Git,React,Pandas",9,5,Software Engineer
2b06522b-6458-4b08-b814-1b30bac9643c,7.99,Web Development,"Node.js,JavaScript,Angular,HTML/CSS,Kubernetes,AWS,Pandas",16,3,Web Developer
121f3657-14d1-47aa-ba01-1c6cc1b07013,4.62,Web Development,"HTML/CSS,Angular,Git,React,SQL,NoSQL,PowerBI",15,4,Web Developer
2594b704-eaaf-4a58-912b-cfe80b95de1a,8.52,Web Development,"JavaScript,Git,Node.js,HTML/CSS,PyTorch,Angular",7,1,Web Developer
78202102-4e1c-45bd-8722-62b8b20b64e5,5.53,Cloud Computing,"C++,Data Structures,Tableau,Angular",18,4,Software Engineer
96ae22cb-76ca-4d5a-877d-3c11e192df0e,6.57,Cloud Computing,"Docker,Azure,Kubernetes,Python,Java,Tableau,TensorFlow",8,1,Cloud Engineer
a579b0d8-6373-4d84-b354-ac0c5b7fa086,8.56,Database Management,"Excel,Tableau,SQL,Pandas,Scikit-learn,HTML/CSS",11,4,Data Analyst
cb14d8cd-0759-42ad-872d-de68afe11f12,7.71,Machine Learning,"Scikit-learn,TensorFlow,Python,HTML/CSS,Java",8,3,AI/ML Engineer
91444487-1941-4e91-b4f5-a7a40c242ff0,7.06,game Development,"Python,SQL,Git,Data Structures,NumPy,HTML/CSS,Kubernetes",19,1,Software Engineer
43135b02-22a8-4501-8a86-2ef8b87aefbc,6.89,Artificial Intelligence,"PyTorch,Scikit-learn,Angular",5,4,AI/ML Engineer
668db92c-7cf6-4006-be13-fb93081de295,5.12,Web Development,"Node.js,Angular,HTML/CSS,Docker,Tableau",13,4,Web Developer
387c1cd5-22ad-4bc2-9249-f75363aada7c,8.07,Web Development,"Angular,Node.js,Azure,Java",7,2,Web Developer
47012037-8f63-4f4f-bc26-4e3e7e3ee2a6,6.77,DevOps,"AWS,Python,Azure,Java,NumPy",5,1,Cloud Engineer
5e057a8b-0126-44e6-adb7-31bda9df9c5a,6.47,Database Management,"Pandas,Python,Scikit-learn,PowerBI",15,5,Data Analyst
ded65bc8-4a75-4d45-a31b-b87ea47710f8,6.73,Cybersecurity,"Java,C++,Python,Git,React",15,4,Software Engineer
d4acd55a-131f-4267-b3c8-71a037122187,5.98,Data Science,"SQL,Excel,AWS",7,4,Data Analyst
28a489bb-36b1-4fd9-8066-bef9c9f951b8,5.0,Machine Learning,"Data Structures,Git,PyTorch,Scikit-learn",5,1,Software Engineer
99b4dca4-5a58-4257-ae43-4a6778371bf9,7.13,Machine Learning,"TensorFlow,Scikit-learn,NumPy,Python,React,PowerBI,Kubernetes",5,2,Data Scientist
ad95b420-e33b-4e76-a2af-637158c5aa26,8.48,Web Development,"Angular,React,Docker,PowerBI",13,4,Web Developer
fd9568a9-9c3b-461f-9dc7-39fd72e57ac9,6.52,Data Science,"PowerBI,Pandas,Excel,Kubernetes,SQL",9,1,Data Analyst
10680039-bbb8-400e-a5a4-9b279a4fcde5,7.86,Web Development,"Git,HTML/CSS,JavaScript,React,Kubernetes",13,3,Web Developer
50598a59-b278-41cd-9501-a77a7ae87600,5.35,Database Management,"C++,SQL,Azure",9,4,Software Engineer
62a097c2-a400-48d5-9df7-6f92ec69276b,6.84,Web Development,"Git,React,JavaScript,HTML/CSS,PyTorch,Azure",15,4,Web Developer
db4a2189-c665-4d54-8623-b03554c58dc0,9.81,DevOps,"Docker,Kubernetes,Azure,Java",12,1,Cloud Engineer
4edc9863-1671-4eaa-945b-6c8616542a61,7.64,Cybersecurity,"Python,C++,Scikit-learn,Git",19,4,Software Engineer
5e8fc01e-f705-4914-a591-369e5f603603,5.54,Cloud Computing,"AWS,Kubernetes,Angular",10,5,Cloud Engineer
385aa3ca-63bc-4358-8198-776c1cf230d3,9.59,Machine Learning,"PowerBI,SQL,Pandas,Python,Git",12,4,Data Analyst
47862511-abf9-468d-ae5d-be77a242ea6d,7.98,DevOps,"Git,Data Structures,Java,C++,Python,TensorFlow",15,5,Software Engineer
9ec0618d-853c-448f-aaa6-1320807c59b1,8.73,Artificial Intelligence,"Python,Data Structures,NumPy,Kubernetes",10,4,Software Engineer
10e1a98f-6abf-4343-b206-bc9777d37d03,8.1,Web Development,"React,Git,Python",16,4,Web Developer
29778c08-018c-45bf-8314-2b8bb18554d5,7.3,Machine Learning,"Mathematics,PyTorch,Scikit-learn,JavaScript,NoSQL",20,1,AI/ML Engineer
00db7b8f-60f3-4abd-8176-430d9b1f3d78,9.87,Machine Learning,"Scikit-learn,Python,Pandas,TensorFlow,React,Git,NumPy",8,4,Data Scientist
4180f85e-49bb-47cd-954f-b689877738ef,8.9,Database Management,"PowerBI,Python,Kubernetes",12,3,Data Analyst
d2df766b-b530-4f6a-9866-b21e14e4163b,8.36,Database Management,"PowerBI,Pandas,Python,Docker",17,2,Data Analyst
4de7a935-f828-463b-b3ea-207d00b5addb,8.15,Artificial Intelligence,"PyTorch,Scikit-learn,Docker",12,5,AI/ML Engineer
9d57d679-18f0-4190-8587-15915e579573,7.97,Machine Learning,"Mathematics,Scikit-learn,Python,TensorFlow,HTML/CSS,Pandas,PowerBI",12,1,AI/ML Engineer
dc35b3c5-26cc-4d25-8cd6-0dd33f982b67,8.17,Machine Learning,"Java,Python,SQL,PyTorch,TensorFlow",13,1,Software Engineer
93cb57c4-f60c-40c7-94c1-9ecd5f06fabf,8.03,Machine Learning,"PowerBI,Tableau,Pandas,SQL,C++,HTML/CSS",6,5,Data Analyst
d5ba0e8e-fa54-48a5-8556-cb7317fdf931,8.96,Cloud Computing,"Python,Linux,Kubernetes,Azure,React",14,5,Cloud Engineer
d467043e-e551-44cd-8130-7bf4d1da9651,8.11,Web Development,"HTML/CSS,Git,Node.js,Angular,TensorFlow,NoSQL,NumPy",10,1,Web Developer
de9d9bcc-e87c-4baa-88f5-43725f9d7361,10.0,Machine Learning,"Python,Tableau,React",11,5,Data Scientist
ff60d3a5-9c59-4330-9660-95455592132a,9.6,Web Development,"HTML/CSS,Git,C++",15,4,Web Developer
17aa3f83-793c-4d3e-a9b2-9ec2e1666b69,8.48,DevOps,"Azure,Kubernetes,Docker,AWS,Tableau,SQL,JavaScript",13,3,Cloud Engineer
82ce289f-bdc5-41da-a2f3-ae900219b476,8.64,Database Management,"Excel,Pandas,Python,Tableau,Java,NoSQL,SQL",12,2,Data Analyst
630815da-9f64-463c-b4f7-b803e31d60e8,9.07,game Development,"Data Structures,SQL,Git,React,C++",11,1,Software Engineer
b613945d-0a49-4932-a762-24e92ccd2411,7.4,Machine Learning,"Python,Mathematics,Scikit-learn,PyTorch,C++,React,Azure",15,1,AI/ML Engineer
cc9ad37b-0959-457b-a02d-1134eeb44ef8,7.33,Database Management,"SQL,PowerBI,Python,React,HTML/CSS",17,5,Data Analyst
a102d5a7-bf82-44c9-918e-73afaaf145ce,7.85,Web Development,"JavaScript,Node.js,PyTorch",18,3,Web Developer
fcc7bac4-60bc-4224-ac02-ae55adb46554,5.82,Artificial Intelligence,"Git,Data Structures,SQL,C++,AWS,JavaScript,HTML/CSS",6,5,Software Engineer
44579edf-d453-4dd9-ab63-a798e4679e2a,8.1,Machine Learning,"Mathematics,PyTorch,Scikit-learn,Kubernetes,TensorFlow",10,1,AI/ML Engineer
5d571316-2458-41a8-81de-d00d4efc5b70,9.14,Data Science,"PowerBI,Pandas,SQL,Python,Java",7,2,Data Analyst
1576fa9c-b6f9-470c-89ff-f7fae7542b4b,8.71,Machine Learning,"Pandas,Excel,Tableau,PowerBI,TensorFlow,Scikit-learn,AWS",19,4,Data Analyst
69039b84-2789-469b-8cc2-7202311dec6c,8.17,Data Science,"Excel,PowerBI,Python,NoSQL,SQL",10,5,Data Analyst
3571ce1e-abf7-4aa8-af69-17b0ee460937,8.11,Artificial Intelligence,"Mathematics,Scikit-learn,PyTorch,Docker,Python",11,3,AI/ML Engineer
8bdb68a1-4718-47bc-bbca-634a3866b9ad,7.61,Machine Learning,"Scikit-learn,PyTorch,TensorFlow,Mathematics,HTML/CSS,Git,Tableau",7,4,AI/ML Engineer
3bcfca34-168b-46d5-a328-dc00b5eb127b,9.31,Machine Learning,"Scikit-learn,PyTorch,Git,Azure",17,4,AI/ML Engineer
401b6f1a-5aad-4bb6-badf-63a2807b2799,7.33,Machine Learning,"Python,PowerBI,SQL,Excel,Angular,PyTorch",5,2,Data Analyst
81e2f19f-3c46-4b2d-b91a-a8bf6fa1e890,6.95,Machine Learning,"SQL,Scikit-learn,Tableau,Pandas,NoSQL,PyTorch,TensorFlow",8,3,Data Scientist
d2c74ed2-e199-4549-bab5-a1a3a0ebe04a,8.19,Data Science,"Python,Excel,Tableau",7,4,Data Analyst
9b5c9884-985c-404d-a37d-ba825c8aed2c,7.89,Web Development,"React,Git,HTML/CSS,Node.js,JavaScript,Docker,PyTorch",5,1,Web Developer
c674fdfb-7d8f-4f21-a989-4c09d9c6d455,8.07,Database Management,"PowerBI,SQL,Pandas,AWS,Scikit-learn",19,4,Data Analyst
312d63d3-97b3-4d00-b2fe-94c13a7aad93,8.33,DevOps,"Docker,Python,TensorFlow,Azure",14,4,Cloud Engineer
a6426100-4044-4390-a7dd-d8ee2af15d65,6.88,Database Management,"TensorFlow,Scikit-learn,PowerBI,Git",19,5,Data Scientist
b4d1cbe9-d5a3-40c8-be37-5321c824c31b,7.48,Machine Learning,"Python,Tableau,SQL,Pandas,Docker,Java,PowerBI",8,1,Data Scientist
633fa081-c834-45f0-9070-1aab6715654b,7.7,Data Science,"Python,PowerBI,Excel,C++,Azure",10,3,Data Analyst
fcf1974c-16da-4e20-8dcc-16c9fc991bf6,5.87,Cybersecurity,"SQL,Git,Python,Data Structures,PyTorch,JavaScript,Tableau",8,5,Software Engineer
97057111-96f1-496d-8994-5c0c65491939,9.81,Machine Learning,"Python,SQL,C++",8,2,Data Analyst
2dac53e5-b1f3-4a8b-91a0-8bb00db2e646,6.37,Web Development,"Git,React,Angular,Docker,HTML/CSS",20,5,Web Developer
a469be73-960f-46d9-9173-04a1e4025916,7.21,Database Management,"Tableau,Pandas,PowerBI,Python",20,4,Data Analyst
59c2132d-a836-4338-85bb-166ec8698dc7,6.33,Web Development,"React,Angular,Azure,HTML/CSS",17,3,Web Developer
7e283ccb-cc5f-4f10-9ccc-b7924ca80208,7.67,DevOps,"Azure,Kubernetes,Python,C++,Pandas",5,1,Cloud Engineer
60e657d8-8d6f-4d4f-a61c-593fef593b21,8.95,Web Development,"Git,HTML/CSS,React,JavaScript,Java,SQL,PowerBI",11,3,Web Developer
b6c4df6d-5da1-4e80-8b53-32ef0a4f0b0d,8.08,Database Management,"Tableau,Python,Pandas,PowerBI,Azure,React",11,4,Data Analyst
97976e81-322b-4db5-89d2-b50c1ee20a72,6.05,DevOps,"Azure,Kubernetes,AWS,Python,Java,SQL,NumPy",5,1,Cloud Engineer
47d93222-e2e8-413d-bce3-8036ee629b86,8.38,Web Development,"JavaScript,React,Scikit-learn",15,3,Web Developer
e9494e5f-0f01-4bc7-b6b0-ec6eadcdc7c1,6.66,Machine Learning,"Python,PowerBI,SQL,Excel,AWS,PyTorch,Kubernetes",11,4,Data Analyst
aef82165-22de-435b-be16-7447782d7c29,7.85,Database Management,"Python,Pandas,Tableau,Scikit-learn,Angular,React,Git",20,5,Data Scientist
b1250579-88b3-46dd-842a-cacfb6d383bd,7.09,Web Development,"Git,HTML/CSS,PowerBI",16,4,Web Developer
e1f7c089-f18a-4994-b495-a10848ecef5c,7.0,Artificial Intelligence,"Mathematics,PyTorch,Kubernetes",7,5,AI/ML Engineer
83898256-87e4-4126-98c9-285f1c46d558,9.45,Artificial Intelligence,"Mathematics,Scikit-learn,PyTorch,Python,Docker,React",19,3,AI/ML Engineer
af471f5f-5bf5-4158-a2dd-4115772e7d48,7.1,Machine Learning,"SQL,Tableau,Excel,Python,JavaScript,PyTorch,AWS",5,3,Data Analyst
dd6164b6-cffd-43fc-81eb-fcec418cf745,8.29,Artificial Intelligence,"Python,Mathematics,AWS,NumPy",12,2,AI/ML Engineer
83728096-b527-44b9-bd3f-f7a2a9bf89f6,5.34,Web Development,"React,Git,Python,HTML/CSS",14,3,Web Developer
74e4539f-ae31-42f2-a59c-f3bdd384ff5b,5.34,Database Management,"Tableau,Pandas,TensorFlow,PyTorch",13,5,Data Analyst
3621c81d-cb8c-4ee5-94ea-6164a9ac804c,8.72,Database Management,"SQL,Pandas,NumPy,Tableau,Python,PowerBI,NoSQL",11,4,Data Scientist
9cebf5d3-56be-4590-bede-a50899b6fdc8,6.58,Web Development,"HTML/CSS,JavaScript,Angular,NoSQL,Docker",14,2,Web Developer
3de71e9b-8f2a-4881-a973-c4ff26913666,8.85,DevOps,"Python,AWS,React,NoSQL",15,3,Cloud Engineer
de55a9d4-b2bc-4077-af5f-f570b2e3dbd1,6.2,DevOps,"Python,Kubernetes,AWS,JavaScript,Scikit-learn",12,3,Cloud Engineer
1c0da32a-1529-4ff7-b71a-2eec068a0a1f,5.94,Artificial Intelligence,"PyTorch,Scikit-learn,Docker",5,3,AI/ML Engineer
ccffc064-1bc5-4b42-aa44-e4db6103181a,7.04,Cloud Computing,"Docker,Azure,Python,Pandas,HTML/CSS",7,3,Cloud Engineer
c1a39d96-028f-432c-97a8-2d7fc2b57fc4,6.67,Cloud Computing,"AWS,Python,Scikit-learn",17,4,Cloud Engineer
8077b90a-633b-429d-a3ec-792cebaca3a4,6.24,Artificial Intelligence,"TensorFlow,Python,Mathematics,PyTorch,Docker,Azure,HTML/CSS",9,4,AI/ML Engineer
92cb6c54-3493-40c9-8a2a-842b44c2110a,9.63,Artificial Intelligence,"Scikit-learn,Mathematics,Python,TensorFlow,SQL,JavaScript",8,4,AI/ML Engineer
93dbe121-bdb5-4ce1-99fc-78964179e635,6.42,Database Management,"Pandas,SQL,AWS",8,4,Data Analyst
32760702-47a2-4a3e-86e4-e0d01b2d5ef1,6.41,Cloud Computing,"Linux,Python,Docker,Azure,AWS,SQL",9,4,Cloud Engineer
9223cdb8-3088-4280-8755-6508043009b3,7.61,Cybersecurity,"Java,Python,TensorFlow",11,2,Software Engineer
b58da9bd-de11-40ab-8328-98e8c67e0b66,7.52,Cloud Computing,"Kubernetes,AWS,Linux,Docker,TensorFlow,Pandas",12,3,Cloud Engineer
0b9a353e-1e9a-4583-b478-269959eaa4c5,6.98,Web Development,"HTML/CSS,Angular,React,TensorFlow,Java",17,2,Web Developer
60afd3d7-6874-4bd7-bde8-5d45e8f2f0b4,7.49,Cloud Computing,"Data Structures,C++,SQL,Python,Java,Kubernetes,Git",20,2,Software Engineer
61755fba-d666-4be6-9d9f-cde9ecd071f1,6.78,Machine Learning,"Scikit-learn,Mathematics,PyTorch,Python,React,Azure",7,1,AI/ML Engineer
75698960-0aa2-4a81-b3cf-bb9b446e08ca,7.73,Artificial Intelligence,"Scikit-learn,Mathematics,Python,PowerBI,Git",19,5,AI/ML Engineer
aac457f1-6903-438f-afb2-e05459d43be1,6.39,Cloud Computing,"Linux,Docker,Python,AWS,NumPy",19,1,Cloud Engineer
9b123731-b22c-49aa-a55f-571e0554b9ad,7.71,DevOps,"Data Structures,Java,Python,Git,Tableau,NumPy,PowerBI",14,2,Software Engineer
8fdae21b-4691-4692-bb10-7540738563a3,8.53,Data Science,"NumPy,SQL,Tableau,Scikit-learn,TensorFlow,Azure,PyTorch",20,5,Data Scientist
d02c1238-e585-461a-9909-bedf4eb6f48a,9.27,Web Development,"JavaScript,React,Angular,HTML/CSS,NoSQL",10,3,Web Developer
569d0299-b92b-4139-9351-87a8d8dc0a41,6.23,Web Development,"SQL,Git,C++,Python,AWS,Pandas,Tableau",7,5,Software Engineer
7d9bec3a-e5fc-47f9-8cdb-98c4495252c0,8.59,Database Management,"Tableau,Scikit-learn,Python,Pandas,HTML/CSS",15,5,Data Scientist
6ddfd18d-bec4-4113-b555-0aff13d9d06c,8.64,Web Development,"Angular,HTML/CSS,Node.js,JavaScript,C++,Python,PowerBI",10,3,Web Developer
19355224-06f4-4864-88f6-c2a9253b2a83,6.77,Cloud Computing,"Git,Data Structures,Java,Python,NoSQL,Angular,TensorFlow",20,2,Software Engineer
ad72affa-edab-4b9b-a5a7-de5443dcb58e,7.17,Data Science,"Tableau,SQL,Python,NumPy,HTML/CSS,React,JavaScript",12,3,Data Scientist
b694cde9-124f-4b0b-b219-a65c5930a21e,7.35,Machine Learning,"TensorFlow,Tableau,Scikit-learn,Python,SQL,Pandas,Angular",13,2,Data Scientist
c73f8453-de5b-4cd3-8e5d-e78823e21b12,5.06,Web Development,"React,Angular,Git,Java,HTML/CSS",20,5,Web Developer
e9763f30-7159-4775-9598-2d65894197c8,7.98,Web Development,"Node.js,JavaScript,Angular,HTML/CSS,Kubernetes,React",5,2,Web Developer
46e7f6be-4fd7-45f2-9ccb-c9d08a153bd7,9.98,Database Management,"Python,C++,React",9,2,Software Engineer
e1d21f9c-4fee-473a-a1c2-636cfa6c01ef,8.25,Artificial Intelligence,"Git,Python,Data Structures,SQL,C++,HTML/CSS",8,5,Software Engineer
cb07adc6-7a8a-4dbe-a850-d0b8cbb1355d,7.99,DevOps,"AWS,Azure,Python,JavaScript",19,5,Cloud Engineer
e2b14594-ac9b-4d5c-9605-e27ed817ca10,6.99,Database Management,"Pandas,TensorFlow,Angular,PowerBI",17,4,Data Scientist
49e1642e-5f83-47d9-b814-238b1532eac0,6.36,Data Science,"Scikit-learn,SQL,Python,Pandas,Tableau,C++,JavaScript",12,1,Data Scientist
d169a8ae-1314-48c3-9c01-2d533693393f,6.11,game Development,"Python,Java,Data Structures,Git,Scikit-learn,AWS",5,1,Software Engineer
d7532196-3b60-4874-9e86-d028044662cf,8.75,Web Development,"JavaScript,Node.js,Angular,Docker,PyTorch",14,5,Web Developer
9019341c-9ad5-4bd8-84b1-991cde124e89,6.77,Artificial Intelligence,"TensorFlow,Scikit-learn,Java,React",18,1,AI/ML Engineer
8432e7f8-965a-48ea-b88e-282207c2e129,7.19,game Development,"C++,Git,Java,React,Kubernetes",12,4,Software Engineer
fdb91618-cabf-4c62-9a5e-8f2a5455e7fa,6.04,DevOps,"Java,C++,Python,Data Structures,Pandas,PyTorch",6,3,Software Engineer
08e79266-67a3-4c7e-be4e-b88d9b23974a,9.49,Machine Learning,"Scikit-learn,SQL,TensorFlow,Pandas,JavaScript,HTML/CSS,Tableau",11,3,Data Scientist
a5a67e83-8039-454f-a31f-27c600ffdf2d,7.54,Database Management,"TensorFlow,Scikit-learn,Angular,Git",20,2,Data Scientist
717f6e65-8ee3-4ce6-9815-0b6143310cee,6.74,Web Development,"React,Angular,PowerBI",19,1,Web Developer
712bb650-3bfe-4d89-a719-72edde8ff1f6,5.73,Machine Learning,"Python,SQL,HTML/CSS",12,5,Data Scientist
9dac512b-3dbe-4aba-8365-12b70e48da5b,7.37,App Development,"Git,SQL,Python,Pandas,Kubernetes",8,5,Software Engineer
b7f3775a-278d-4066-8dea-d2131b5bd756,9.2,Cloud Computing,"AWS,Docker,Azure,PyTorch,PowerBI",7,5,Cloud Engineer
66405718-ce0a-43f3-bf47-a2c520b8b954,8.23,Web Development,"JavaScript,React,Python",19,5,Web Developer
523d90fd-83c8-45d9-b6ad-af8fd5c95ca8,5.12,Machine Learning,"C++,Data Structures,HTML/CSS,JavaScript",5,5,Software Engineer
7cab2c69-9419-47f5-a325-6097840fde06,8.77,Data Science,"TensorFlow,Tableau,SQL,PowerBI,C++",12,5,Data Scientist
acdd9279-d0a2-4e02-a1d2-d627b3cf7e34,8.32,DevOps,"Linux,Docker,AWS,C++,Scikit-learn",6,4,Cloud Engineer
094495bb-d810-44af-8004-37129df6bb9c,6.32,Database Management,"SQL,Python,Angular,Tableau",13,4,Data Scientist
8bdb9291-6ef2-41f5-a81b-da29938520ad,7.6,Machine Learning,"Python,Pandas,PowerBI,Tableau,PyTorch,Scikit-learn",10,4,Data Analyst
cfd16ac4-2a40-494f-b3c5-88ad16f8235f,7.53,Web Development,"Java,SQL,Git,Python,Scikit-learn,PowerBI,NumPy",19,1,Software Engineer
365d511f-3c2f-4e35-b6d2-154c1c4fe768,8.07,Machine Learning,"Python,Tableau,SQL,Angular,Docker",18,4,Data Analyst
78bfa9fb-0357-44e8-8371-a83ee5453674,8.18,Web Development,"HTML/CSS,Node.js,Angular,Tableau",11,2,Web Developer
c3698b41-34d0-467e-9456-9779d6bdc666,6.86,Data Science,"NumPy,SQL,Angular,Scikit-learn",11,4,Data Scientist
550a2e8e-0203-44b1-a251-544b385e5e65,7.85,Artificial Intelligence,"TensorFlow,Mathematics,NumPy",14,5,AI/ML Engineer
1195fd39-32ec-4bee-b99e-b9d6dae28ed7,6.35,Artificial Intelligence,"Data Structures,SQL,C++,Java,React,Azure,Scikit-learn",16,1,Software Engineer
e8f146f5-2034-4eb0-a7e9-228821390feb,6.61,App Development,"SQL,Python,Data Structures,Kubernetes,NumPy",12,5,Software Engineer
c0fa571d-3654-410a-a0f6-db8aeb77c60e,8.21,Web Development,"React,HTML/CSS,Docker",8,5,Web Developer
c6f31f97-ea7f-4617-926a-542089aa292a,5.75,game Development,"Git,SQL,Data Structures,Java,Angular,Azure",13,4,Software Engineer
713dcc40-b7d6-4c4f-8c90-572b28068dc9,5.84,DevOps,"AWS,Linux,Python,JavaScript,Java",5,1,Cloud Engineer
17af67c9-1bdd-4d6f-be18-772a0b2ec0e9,7.59,Database Management,"Excel,Pandas,SQL",6,3,Data Analyst
1870861d-aa81-42a0-9781-27d7bae3d8f4,7.12,Web Development,"JavaScript,React,Docker,Kubernetes",8,5,Web Developer
19e619c9-5c18-4864-8702-cce729d6926b,7.7,DevOps,"Linux,Kubernetes,Azure,Docker,NumPy,SQL,AWS",12,5,Cloud Engineer
f7e23d56-495c-4f55-81aa-433c82ba7966,7.88,Machine Learning,"Scikit-learn,Mathematics,TensorFlow,PyTorch,Git,Pandas,Kubernetes",11,3,AI/ML Engineer
464e3e58-70e2-4bd1-87b3-f5a00c95fea6,9.2,DevOps,"Docker,Linux,Azure,Git,Angular",5,2,Cloud Engineer
9c364fc2-c9a5-4189-a1a1-165ea4b7acfb,7.72,Machine Learning,"PyTorch,Python,Scikit-learn,NumPy",6,5,AI/ML Engineer
eb7f4c9a-394a-47f5-9d83-17c3933484ff,6.95,Cloud Computing,"Docker,AWS,Kubernetes,Linux,Angular,JavaScript",8,5,Cloud Engineer
725b364c-5226-4338-aec1-099ef792771d,6.74,DevOps,"Python,Java,Tableau,Scikit-learn",7,1,Software Engineer
1df0103e-b297-4684-ae41-784c2b48ca81,8.26,Web Development,"HTML/CSS,Angular,NoSQL,JavaScript",18,1,Web Developer
38ca9cb9-adf4-4cd2-87db-f1875b873fce,7.99,Database Management,"SQL,Git,Pandas",13,3,Software Engineer
5c77b90a-5100-48f4-b494-1918e4846ffe,7.63,Data Science,"Python,Pandas,Scikit-learn,Tableau,PowerBI,JavaScript",7,5,Data Scientist
b1f66422-b88d-4d87-a02c-0ca84ae67077,7.09,Data Science,"Scikit-learn,Python,NumPy,PowerBI,AWS",14,3,Data Scientist
1ed6e297-6d08-4b8d-856c-e0b45c4f2ae8,8.15,Web Development,"Java,Data Structures,Angular,Tableau",9,4,Software Engineer
715e8259-4ee0-46d9-ae3e-ae8f9d14a9c2,7.5,game Development,"Data Structures,SQL,Java,C++,Kubernetes,Python,HTML/CSS",15,1,Software Engineer
b743cf61-49ea-44ff-96bf-94372e00f098,8.68,Artificial Intelligence,"Python,Scikit-learn,PyTorch,TensorFlow,Kubernetes,SQL",18,3,AI/ML Engineer
0d8fcf71-a717-4264-adf3-ebd788151439,9.86,Machine Learning,"Pandas,Python,Angular",15,1,Data Analyst
63d7cbef-36fb-403d-8360-07d763538267,5.93,Data Science,"Pandas,Tableau,Python,SQL,Docker,Scikit-learn",18,1,Data Scientist
1fd2e595-1fed-48cf-85a9-ddfc32680e83,7.23,Web Development,"React,Git,JavaScript,HTML/CSS,SQL,Docker,Kubernetes",17,3,Web Developer
3a7a0571-7fbc-4cfe-8534-82b69b88cf48,6.93,DevOps,"Linux,Kubernetes,Docker,Azure,JavaScript,AWS,Scikit-learn",13,1,Cloud Engineer
c9ce19ef-f218-4397-af7e-515da821dcae,7.2,Data Science,"Python,Pandas,SQL,Scikit-learn,Docker,PyTorch",8,1,Data Scientist
b00988fb-d557-455f-8345-9a544a23c070,6.1,Database Management,"PowerBI,Python,Pandas,SQL,C++",12,1,Data Analyst
16b7207d-c47d-443e-94b1-7bc97ed4ea0a,7.49,game Development,"Data Structures,Python,Java,Tableau,PyTorch",16,4,Software Engineer
e3573deb-a6d2-401d-8fae-b8ce39b2c85f,8.4,Machine Learning,"Excel,SQL,Pandas,Angular,PowerBI",9,2,Data Analyst
071f4609-d2d2-4413-8c35-a3c35f145bc8,8.08,Data Science,"TensorFlow,Scikit-learn,NoSQL,SQL",17,3,Data Scientist
b88df2c3-01b9-464f-bd13-17f0dffda694,6.93,Web Development,"React,JavaScript,Angular,Pandas,AWS",20,5,Web Developer
24371098-969c-4c97-a554-51f74445d6e6,5.4,Machine Learning,"Python,SQL,NumPy,Angular,TensorFlow",11,1,Data Scientist
5d24d09b-2637-4754-af46-0909d37015e9,6.63,Machine Learning,"PyTorch,Mathematics,TensorFlow,Python,Docker,Azure,AWS",14,5,AI/ML Engineer
a72eff6d-5296-4ba2-9978-647178665e8c,6.81,Data Science,"Python,Pandas,Tableau,AWS,Azure",6,2,Data Analyst
dbb0f7e2-17ee-40ae-ad18-4a550f46cc5c,7.81,Machine Learning,"Scikit-learn,PyTorch,Pandas",6,4,AI/ML Engineer
f06272f2-7518-45f2-990d-646f00a5ecca,6.0,Machine Learning,"Python,Pandas,Tableau,Scikit-learn,JavaScript,HTML/CSS",8,2,Data Scientist
af9ee002-3b15-4d9e-812a-d5cd81c6492d,5.81,DevOps,"Python,Azure,Linux,AWS,TensorFlow,SQL,Git",11,2,Cloud Engineer
839f947e-0f3f-4d5c-a396-3139a435be23,8.41,Machine Learning,"TensorFlow,Tableau,Pandas,Scikit-learn,NumPy,React,Docker",12,5,Data Scientist
567f9277-5ed1-4c00-9818-5c4b8b554778,8.21,Database Management,"Pandas,Excel,Tableau,Docker",19,2,Data Analyst
70313edb-619f-44ef-a04f-d8c58f8e8055,7.54,DevOps,"Docker,Azure,Linux,Kubernetes,PowerBI,PyTorch",15,5,Cloud Engineer
caa13c99-2fc0-4deb-a4a6-00c208c22613,7.1,Data Science,"Pandas,Tableau,Python,PowerBI,PyTorch,NoSQL,Scikit-learn",7,4,Data Analyst
76bc53d9-bd01-4abc-93f4-c170bf5aad49,8.62,Web Development,"Node.js,Git,Kubernetes",11,3,Web Developer
123e8fd3-ee74-4ae9-acbe-f94487a9ed96,7.73,Database Management,"PowerBI,Tableau,SQL,Pandas,NumPy,Kubernetes",18,4,Data Analyst
acac4409-7752-4949-b7ed-5ff7e9895c03,6.69,Machine Learning,"SQL,Scikit-learn,Tableau,Pandas,NumPy,Git,Java",18,3,Data Scientist
4f8a4a35-7fcb-46d9-8beb-ae3c5f27de12,7.18,Web Development,"React,Angular,Git,AWS,Azure",5,4,Web Developer
4ed0bac6-13c1-4cee-aab7-68d1530baf61,8.13,Web Development,"HTML/CSS,JavaScript,Node.js,Angular,SQL,NoSQL,Azure",11,3,Web Developer
f6551db5-96c4-440c-bd71-332f3304b823,7.96,Web Development,"React,Node.js,SQL,AWS",7,3,Web Developer
973e5943-ad46-43b3-945e-a7c1471905bc,6.99,Machine Learning,"Mathematics,PyTorch,TensorFlow,Python,Scikit-learn,Azure",11,1,AI/ML Engineer
b57a1242-eeee-4e55-99be-370d091d0882,6.86,Machine Learning,"Excel,SQL,PowerBI,Python,Angular,JavaScript",18,5,Data Analyst
7062d297-7a8b-4137-8604-d163075ee4e4,6.59,Database Management,"SQL,Tableau,NoSQL,Docker",20,3,Data Analyst
adfb1ce4-591f-4b67-9c6b-e5a350109994,8.08,Machine Learning,"SQL,Scikit-learn,Python,C++,NoSQL",6,3,Data Scientist
3777f162-3c1c-44cb-ab3a-303db4122594,6.59,Machine Learning,"Mathematics,Scikit-learn,Python,TensorFlow,Angular,AWS,NumPy",6,4,AI/ML Engineer
531c2026-1356-406d-95ab-65f503f383e2,7.34,Web Development,"React,Node.js,HTML/CSS,JavaScript,AWS,Docker",14,5,Web Developer
fcac2126-8344-4ecc-ba53-e280c5ca6e94,9.33,Database Management,"SQL,Python,Java",5,5,Data Analyst
c56f24d0-2df2-46a6-9bb5-2538fcb5bf6b,8.11,Machine Learning,"Pandas,Tableau,React",19,3,Data Analyst
e6a1b2b2-e5d8-4b52-9fe6-d1950321d4b9,7.97,Artificial Intelligence,"TensorFlow,Scikit-learn,Mathematics,Python,SQL,Java,PyTorch",7,1,AI/ML Engineer
26661f61-d08b-4eea-b66e-9c5df2e8cf0a,9.74,Machine Learning,"NumPy,Scikit-learn,AWS",15,2,Data Scientist
79eab4b2-3f3e-4af6-af8f-4701e862afa0,8.21,Artificial Intelligence,"TensorFlow,PyTorch,Mathematics,Python,Angular,Azure",20,2,AI/ML Engineer
0c81b454-149d-424c-8c2e-628481340f9b,7.99,Web Development,"React,Git,Python,NoSQL",6,2,Web Developer
00f0cfde-e1b6-41d0-8f29-d5c6727e9973,5.56,Web Development,"Node.js,Git,HTML/CSS,Angular,Azure,Java,PyTorch",19,4,Web Developer
ab6fa44c-5016-4e30-bbec-cdf13ab9fa46,8.22,Artificial Intelligence,"Mathematics,TensorFlow,Angular,Kubernetes",19,2,AI/ML Engineer
86227951-69e6-4397-b273-04ef006302f4,7.55,Web Development,"JavaScript,Angular,Pandas,React",16,2,Web Developer
37e65578-e025-45e3-af7f-eafcf228ff14,7.26,Machine Learning,"Mathematics,TensorFlow,NumPy,PowerBI",10,1,AI/ML Engineer
8ac53fc4-dad0-44b1-a248-59dccb59ab25,6.36,Cloud Computing,"Azure,Python,TensorFlow,SQL",15,3,Cloud Engineer
ae02b8c2-53bd-4694-97fa-602aeb70af44,6.29,Machine Learning,"SQL,Python,C++,Data Structures,TensorFlow,Tableau,Kubernetes",16,5,Software Engineer
cd75d5cc-709f-4964-b92c-1cec2b213d4c,7.16,Machine Learning,"Tableau,Python,SQL,Pandas,TensorFlow,C++,NumPy",6,2,Data Analyst
7098d402-4684-4323-abd6-a2d14fb9ee18,9.63,DevOps,"Data Structures,Git,Python,SQL,JavaScript,Tableau",12,1,Software Engineer
d3609dc1-7135-4167-9e26-0cf693375975,6.96,Web Development,"React,JavaScript,Tableau,Angular",20,1,Web Developer
6d4db6fd-e417-4e6a-b508-1a32c05078e9,7.35,Web Development,"Angular,JavaScript,Node.js,SQL,Docker",16,1,Web Developer
4d486978-1df0-4592-8498-037d0fa1a21b,7.22,DevOps,"Linux,Kubernetes,Python,AWS,Java,Git,Pandas",13,2,Cloud Engineer
d8e6c0b0-be04-4133-9840-f4cba7378d56,6.17,Web Development,"JavaScript,Node.js,Java",19,5,Web Developer
c277333b-2f4d-4933-8a47-770dd995e22c,5.99,Data Science,"Tableau,SQL,Scikit-learn,Angular,Python",19,3,Data Scientist
fcc77ea4-806b-447b-a4c3-9fad2d9844bb,6.2,Web Development,"Angular,HTML/CSS,SQL,Java",10,5,Web Developer
8e02e4f2-7872-4fcc-9549-ca28f3e33e46,5.13,DevOps,"Docker,Python,AWS,Kubernetes,Tableau",19,3,Cloud Engineer
8784e422-7341-40f5-88b4-bbde2b2d5154,9.02,game Development,"Data Structures,SQL,Python,C++,TensorFlow,NumPy",7,5,Software Engineer
51353304-8de8-46e0-a18f-57fb03caa253,9.63,Database Management,"SQL,Tableau,TensorFlow,Pandas,Azure,Docker",6,1,Data Scientist
b3cd7ab0-9411-45aa-ae35-94088bb54383,8.45,Data Science,"Data Structures,SQL,Python,Java,Pandas,Git,Scikit-learn",12,5,Software Engineer
2a990c5c-5e02-4a82-b4c5-8b1583acc7cf,7.5,Machine Learning,"NumPy,Python,Pandas,HTML/CSS,JavaScript",8,1,Data Scientist
b5809d36-bc37-40d3-aa45-8c46c36399cc,7.42,Machine Learning,"Scikit-learn,PyTorch,TensorFlow,Mathematics,Java,Docker,Pandas",17,3,AI/ML Engineer
2b0e34d3-d9cf-4068-8166-d9135caaa4e9,6.5,Data Science,"Pandas,NumPy,SQL,JavaScript,Kubernetes",16,1,Data Scientist
67616fb5-a830-4b0a-a703-416df1114f84,8.63,DevOps,"Kubernetes,Python,Azure,AWS,JavaScript,C++",18,4,Cloud Engineer
b8c6abb6-7091-4f25-af8b-164d60638178,8.66,Artificial Intelligence,"Scikit-learn,Python,PyTorch,TensorFlow,Java,Pandas,Git",18,4,AI/ML Engineer
25d76378-e690-4a00-ba25-249a05e40da6,7.38,Web Development,"JavaScript,HTML/CSS,C++,Git",11,5,Web Developer
03fdcf55-0830-4dd4-8939-506c168db852,8.36,Web Development,"Node.js,HTML/CSS,JavaScript,SQL,Tableau",9,3,Web Developer
1566f6e1-8102-4857-aef6-256ec4776414,6.71,Database Management,"C++,Data Structures,Pandas,Angular",18,1,Software Engineer
5d27d1ea-0a5b-445c-8531-7dc8b02dcf59,8.53,DevOps,"Azure,Docker,Python,AWS,Kubernetes,Pandas",17,3,Cloud Engineer
9be1f782-d06b-443a-a05e-396ac0686354,7.82,Cybersecurity,"C++,Python,React",17,1,Software Engineer
8713aec1-df1e-4f8e-9bc2-725b42eaad57,7.72,Web Development,"JavaScript,Git,Angular,AWS,Docker",6,5,Web Developer
cd3f267c-2af6-4c98-90bc-8f158ce99a8d,7.47,DevOps,"Kubernetes,Docker,NumPy",10,5,Cloud Engineer
6172fbe5-5243-4f2c-a0cd-621e7533bb49,7.9,Machine Learning,"NumPy,Scikit-learn,React",17,2,Data Scientist
5905590a-e8e9-4567-8cd1-7c253aaa8670,6.78,Database Management,"Python,NumPy,TensorFlow,Scikit-learn,AWS,C++,JavaScript",19,1,Data Scientist
3292efd7-9861-43fc-8fd1-dba2c782e6f4,8.73,DevOps,"Python,Azure,Java",9,1,Cloud Engineer
e088e8ef-c9c7-47dd-bbe3-238f5482a224,9.1,Web Development,"C++,Python,PyTorch,Tableau",16,5,Software Engineer
9971937f-748c-476b-a96e-50bf70cb84d4,5.52,Cloud Computing,"Python,Kubernetes,Azure,Linux,AWS,JavaScript",12,4,Cloud Engineer
37dfba60-4994-4b2d-93ea-f451bc8ff714,6.92,Database Management,"Tableau,SQL,Pandas,Python,HTML/CSS,C++",14,2,Data Analyst
4f05e913-ca94-417e-aa56-db136761b4c3,8.26,Cloud Computing,"Kubernetes,AWS,HTML/CSS",7,2,Cloud Engineer
7ca50b8b-917f-4f9b-98bf-b241ecaf98c2,7.64,Web Development,"JavaScript,React,NoSQL,SQL",8,1,Web Developer
e2e58035-93f3-410a-8f94-7a253b351e3e,6.76,Cybersecurity,"C++,Data Structures,Python,SQL,TensorFlow,Tableau,Pandas",8,2,Software Engineer
2bfa530e-e56d-475a-91b7-e1501c51c41b,4.62,DevOps,"AWS,Linux,Tableau",8,3,Cloud Engineer
250d667f-f8f0-408c-9a61-6714ed25f15d,7.02,DevOps,"Python,Azure,PowerBI,TensorFlow",10,2,Cloud Engineer
c78a84ea-3a22-4a30-bc9a-afcd62650378,6.48,Database Management,"SQL,NumPy,Scikit-learn,TensorFlow,NoSQL,Git",9,5,Data Scientist
81dc6a0f-f287-42fc-aaf9-d15ffed44195,6.98,DevOps,"Kubernetes,Azure,AWS,Java,React",7,4,Cloud Engineer
53364f4e-61a2-4567-8ad4-8a3db6171766,6.37,Database Management,"SQL,Tableau,Excel,C++,Python",19,3,Data Analyst
ffc8a87c-015e-4006-ad9b-a7bef21adf64,6.57,Data Science,"Python,TensorFlow,NumPy,Java",19,4,Data Scientist
02689788-5cb1-4189-b936-84c31522510d,7.24,App Development,"Data Structures,Python,SQL,NumPy,Pandas",17,2,Software Engineer
bc1b5e98-8ddb-4377-88c2-0a89effb7389,8.59,Machine Learning,"Python,Pandas,Excel,Tableau,PyTorch,AWS",15,3,Data Analyst
0a4050f4-b4f1-4ede-9907-4bcdde5cb0d0,7.88,Data Science,"Git,Java,C++,PowerBI,Tableau",9,2,Software Engineer
e8b70fda-7dfd-439a-a499-8c01f80f18f9,7.16,Database Management,"TensorFlow,Python,Pandas,Tableau,HTML/CSS,Scikit-learn",5,5,Data Scientist
4ec94978-b92c-4ef6-8477-bb38112eaeda,8.74,Machine Learning,"Pandas,Scikit-learn,Java,Tableau",13,1,Data Scientist
26169596-3d05-431a-9133-fa0bae360802,7.96,Database Management,"PowerBI,SQL,Tableau,NoSQL,Python",6,4,Data Analyst
9eead228-3303-40af-9b10-2d56299fe147,7.2,Data Science,"Python,SQL,PowerBI,Excel,Scikit-learn,Azure",8,1,Data Analyst
2bc90255-7bbb-4b6a-afec-5e4afeef049a,8.53,Machine Learning,"Mathematics,PyTorch,Kubernetes",11,4,AI/ML Engineer
9479d792-2c99-4ded-b0d6-81c0b0e6b832,7.56,DevOps,"Python,AWS,Scikit-learn",7,4,Cloud Engineer
37cd199d-9a62-42c6-bc7d-32c9820f109d,7.26,Database Management,"Data Structures,Java,SQL,Python,NoSQL,Git,AWS",12,3,Software Engineer
9b58990d-710c-4c2e-9645-4db3fcd83fd7,6.18,Web Development,"React,HTML/CSS,Git,Java,JavaScript",14,4,Web Developer
d92d8785-5351-4b5e-96e7-7ab7359f5037,7.35,Cloud Computing,"Linux,Docker,PyTorch",14,4,Cloud Engineer
b62081c8-b1ac-4cf3-a3cd-a6f8ec2501c2,10.0,Web Development,"JavaScript,React,Git,Angular,Kubernetes,PyTorch",17,3,Web Developer
f8219a67-fe20-42cb-83c5-6690e23c9d78,6.35,App Development,"Python,Data Structures,SQL,Angular,TensorFlow",13,1,Software Engineer
490b64e9-b552-4b2d-8503-a0c02f2c1264,8.4,Cloud Computing,"Kubernetes,Azure,C++",8,4,Cloud Engineer
7a5ebd0c-c0c2-4d0b-baac-1cd802cd8bbd,7.88,Artificial Intelligence,"PyTorch,Python,Scikit-learn,Mathematics,Git,HTML/CSS,NumPy",19,5,AI/ML Engineer
095d58d5-8a26-4303-93fd-60e118eb0bb6,6.23,DevOps,"Azure,Python,Linux,Pandas,Tableau",19,3,Cloud Engineer
130030ff-f7df-4425-9239-85889de676ea,8.57,Web Development,"Node.js,JavaScript,HTML/CSS,React,Scikit-learn,Angular",9,2,Web Developer
39b5f6d1-427e-4011-8dfc-f545d136771d,8.03,Data Science,"Tableau,SQL,Pandas,TensorFlow,NoSQL,Azure",19,3,Data Scientist
8d979010-39e0-4af2-8c96-a22d5cfad32a,7.5,Web Development,"JavaScript,Git,React,Node.js,Kubernetes,NoSQL,Pandas",11,1,Web Developer
a56ca100-c4de-449a-9692-0216c8f4ca17,8.82,DevOps,"Python,Kubernetes,Angular",20,5,Cloud Engineer
1c7b8811-4340-4a43-8a43-1d5388fe5805,6.42,Machine Learning,"SQL,Pandas,PowerBI,Tableau,NumPy,Azure",5,4,Data Analyst
0fcbe9c0-dd20-46b1-b5a1-f3be52795552,8.73,Web Development,"Git,JavaScript,React,HTML/CSS,Tableau,PowerBI",20,3,Web Developer
e19c9d5b-979d-4248-b632-2dbb151a3670,7.78,Database Management,"Python,Excel,Pandas,PowerBI,HTML/CSS,AWS,NumPy",16,2,Data Analyst
8024d118-25e2-4059-9d7c-54146f0c9190,7.74,Web Development,"HTML/CSS,Git,Angular,Node.js,JavaScript,NumPy",20,4,Web Developer
e03837d0-32e5-46da-a312-b4bde555bb09,6.88,Cloud Computing,"Python,Linux,Azure,NoSQL,React",16,4,Cloud Engineer
a61c30a2-8090-4515-9058-1f051271f95e,6.7,Machine Learning,"SQL,PowerBI,Excel,TensorFlow,NoSQL",5,4,Data Analyst
523679b4-90d5-4a02-bd91-4428d8c2c74d,4.68,Machine Learning,"TensorFlow,PyTorch,Scikit-learn,Mathematics,Pandas,HTML/CSS,React",13,3,AI/ML Engineer
7f11a5e0-524d-4d99-8b30-dbd87133cacb,7.61,Web Development,"React,JavaScript,NoSQL,C++",17,5,Web Developer
21bef98d-021c-4111-81b8-cf7de7620062,7.51,Machine Learning,"NumPy,SQL,Python,Scikit-learn,TensorFlow,Kubernetes,Pandas",8,5,Data Scientist
01c637e8-f4ab-4032-90d8-f821f7bcf48c,9.6,Machine Learning,"Excel,PowerBI,Python,Tableau,JavaScript,NumPy,React",9,5,Data Analyst
686cedb7-2eb4-4dc8-8549-b4466b1b2df8,8.38,Machine Learning,"Python,TensorFlow,Scikit-learn,Mathematics,Angular,NumPy,AWS",17,4,AI/ML Engineer
609b3620-60f8-49c6-8f4e-2f9e4abdc861,6.83,Machine Learning,"Python,Tableau,Excel,SQL,PowerBI,React,Git",9,4,Data Analyst
8e890ba7-6821-40e8-a2f6-9b0472ea7946,6.48,Web Development,"HTML/CSS,React,NoSQL",6,4,Web Developer
01083963-8cc5-4d85-9d03-3fffe8c3d996,8.28,Artificial Intelligence,"Data Structures,SQL,HTML/CSS,AWS",6,1,Software Engineer
9f53f72d-46db-47c9-a4db-e1fd588505ac,5.09,Cloud Computing,"Azure,Python,Linux,AWS,PyTorch,Scikit-learn",13,5,Cloud Engineer
e6fec7bf-5b73-4499-a793-d43e1a6cbfff,6.52,Artificial Intelligence,"Scikit-learn,TensorFlow,Python,PyTorch,Angular,C++",13,3,AI/ML Engineer
2a60ba12-d5c2-40f4-9f91-305a51ebfd69,8.27,Machine Learning,"TensorFlow,Python,Pandas,Scikit-learn,Angular",12,2,Data Scientist
4c154368-13db-4281-b3c5-381459af5014,6.24,Cloud Computing,"Docker,AWS,Python,Kubernetes,Tableau,JavaScript",16,1,Cloud Engineer
fddcbe3e-950d-40fd-80e6-d96b0d98c74e,8.0,Machine Learning,"Scikit-learn,PyTorch,TensorFlow,NoSQL,JavaScript",17,2,AI/ML Engineer
b1c41d06-58dd-4212-b24c-6b70b4a60c7c,5.17,Machine Learning,"Python,Mathematics,Scikit-learn,PyTorch,Kubernetes,Docker,AWS",12,1,AI/ML Engineer
4003b238-b9ba-4ac7-a5b4-2f83b1e1b7b6,6.18,Machine Learning,"Mathematics,Scikit-learn,TensorFlow,Python,AWS,HTML/CSS",16,3,AI/ML Engineer
deb7aa53-b8ef-4f8f-9955-64d849c1fbd7,6.67,Machine Learning,"C++,SQL,Data Structures,Python,NumPy,React",9,5,Software Engineer
7d2e569d-3b77-4f2f-905d-a11f78aea128,6.01,Web Development,"HTML/CSS,JavaScript,Git,Python,Azure",16,5,Web Developer
2e0bd16c-5288-4bf9-9219-b4dbdd8b83d2,6.87,Machine Learning,"PyTorch,Python,Mathematics,Scikit-learn,Tableau,Angular,React",5,4,AI/ML Engineer
32b2c27a-478d-4c09-8ffb-468e947386cb,6.32,Cloud Computing,"Docker,Python,Angular",15,5,Cloud Engineer
7d4c5442-3183-4a36-97fc-f62232a7ec4d,6.78,Web Development,"Angular,Git,Azure",7,2,Web Developer
d6a246ca-e0c3-4e54-92e0-65dde699dd93,5.71,Machine Learning,"Scikit-learn,Pandas,Kubernetes,AWS",16,1,Data Scientist
606c770f-8bf3-48b6-907e-6ea23906d5a0,6.69,Artificial Intelligence,"PyTorch,Scikit-learn,TensorFlow,Python,Docker,Kubernetes,Azure",18,5,AI/ML Engineer
c1131b2c-883e-4da0-a185-beba55ff6c24,8.46,Data Science,"Scikit-learn,NumPy,Kubernetes",15,1,Data Scientist
d31f5e6c-d3b0-47c3-8ec5-391911e95c02,5.61,Web Development,"HTML/CSS,Angular,Git,PowerBI,React",14,3,Web Developer
86410a74-a408-49ff-814f-f377b5aa5d28,7.82,Data Science,"PowerBI,Python,C++,Docker",16,1,Data Analyst
2170a303-3f33-4c16-93c2-3151b536ff6e,7.77,DevOps,"Linux,Python,JavaScript",6,1,Cloud Engineer
de61832a-c4e0-48d7-8451-cb46bfd9a085,8.81,DevOps,"Linux,AWS,Azure,Docker,JavaScript,Java,Git",14,4,Cloud Engineer
5372c496-679e-4dbb-a2a0-f8ebca4b204a,7.08,Web Development,"Git,Angular,HTML/CSS,JavaScript,PowerBI,SQL,TensorFlow",6,1,Web Developer
e7d25aff-1f83-4732-bde7-b1f9b9e55fa3,7.14,Web Development,"Angular,Node.js,React,JavaScript,SQL,TensorFlow,Java",6,4,Web Developer
c7268321-b8f4-432f-8964-f105f542a555,5.31,Artificial Intelligence,"PyTorch,Scikit-learn,Mathematics,TensorFlow,Java,HTML/CSS,Docker",19,3,AI/ML Engineer
bf9c0e01-5400-4e9c-af8e-711b5aa072a8,7.15,Database Management,"SQL,Python,HTML/CSS",9,5,Data Scientist
7a0ba6aa-ae1c-4388-85ac-6defd9e50b96,9.5,Cloud Computing,"Docker,Kubernetes,Linux,Java,SQL",8,1,Cloud Engineer
f90b5137-1648-47b6-8034-1aa6ca050e9f,8.33,Machine Learning,"Scikit-learn,TensorFlow,Python,PowerBI,Git",10,5,AI/ML Engineer
7cd9e943-7c65-4c7f-9034-229090fb9e4a,7.52,Database Management,"Pandas,Python,PowerBI,Excel,Kubernetes,React,Scikit-learn",19,1,Data Analyst
b8b966e9-b6c1-4ead-a5c8-c7ce7077d213,7.97,Machine Learning,"Pandas,SQL,Tableau,Python,Scikit-learn,PyTorch,AWS",10,1,Data Analyst
3e8686a3-a6db-4280-8a73-a83a495b0737,4.87,Machine Learning,"Scikit-learn,Python,React,Pandas",18,1,Data Scientist
3e11683c-6b95-4f99-9a76-764b5c104344,8.49,Data Science,"Python,TensorFlow,SQL,Scikit-learn,NumPy,PyTorch,HTML/CSS",19,1,Data Scientist
790e663d-1bf7-4438-98c5-66a653c5e9d1,5.03,Machine Learning,"PowerBI,Tableau,Python",10,5,Data Analyst
5fcf7304-1735-43e5-a836-b35ea468e131,5.8,Data Science,"C++,Git,Python,Data Structures,Azure,JavaScript,PowerBI",17,3,Software Engineer
3ec0f206-7de2-457e-9fa3-96e6f470e424,8.12,Machine Learning,"Python,SQL,PowerBI,Docker,React",10,1,Data Analyst
0ba06117-f86a-4d0d-a538-de7d190c8a19,7.01,DevOps,"Linux,Python,Java,Docker",12,1,Cloud Engineer
5db72d41-d37e-4293-a8ee-06ebf42fa012,7.16,Machine Learning,"Python,SQL,Tableau,JavaScript,NumPy",13,2,Data Analyst
a9f54db7-5b8b-4e04-b65c-d094c0b39cb6,10.0,Artificial Intelligence,"Scikit-learn,PyTorch,Python,Mathematics,NoSQL,JavaScript",19,4,AI/ML Engineer
8b7aa8bb-a22d-43bc-93e5-d81d69bd8870,8.72,Database Management,"Pandas,Excel,SQL,Kubernetes,Angular",6,2,Data Analyst
576c7210-e047-403d-ac32-678531bc8f6f,6.19,Data Science,"Excel,Tableau,Scikit-learn",8,4,Data Analyst
16e49e2b-c7fc-4a35-8611-d3f497f84608,7.67,Data Science,"PowerBI,Excel,SQL,Tableau,NoSQL,NumPy",16,3,Data Analyst
af81bbea-e1fb-453c-8188-d931204341d2,6.96,Cloud Computing,"Azure,AWS,Pandas,NoSQL",14,3,Cloud Engineer
5d1e715b-bc88-4359-9558-82856ad0d9f5,6.69,Database Management,"TensorFlow,Pandas,NumPy,Azure,PyTorch",19,4,Data Scientist
b97cf61e-34fc-4cf3-a397-f2f1226f2d6a,7.85,Artificial Intelligence,"Scikit-learn,Mathematics,Python,TensorFlow,HTML/CSS,AWS,Tableau",19,4,AI/ML Engineer
2a32f53c-3841-4152-8bad-eee0f248b0a7,7.46,Machine Learning,"NumPy,Tableau,SQL,Python,Docker,AWS",16,5,Data Scientist
5cfc6d30-52ab-4976-8cf4-95586750f6ee,7.46,Data Science,"TensorFlow,NumPy,Docker,Scikit-learn",20,1,Data Scientist
29d1a9ee-d373-45ef-8394-ffba01eac3bb,6.22,App Development,"C++,Python,Git,Java,HTML/CSS,Scikit-learn,Kubernetes",5,4,Software Engineer
e7b89048-09bb-4bfd-9c16-c42c2655bc38,7.51,Web Development,"Angular,Git,NoSQL,AWS",16,4,Web Developer
958da876-5e6d-48f1-b066-9f22795622b0,6.32,Machine Learning,"Mathematics,TensorFlow,Scikit-learn,PyTorch,Docker,AWS,HTML/CSS",7,2,AI/ML Engineer
74db2f1f-57dd-43c8-aee5-864279a8798f,8.46,Cloud Computing,"Azure,Linux,Docker,Python,PowerBI,TensorFlow",12,2,Cloud Engineer
b799bb56-7674-4433-80b6-4457622405aa,5.19,Web Development,"Node.js,Angular,HTML/CSS,Azure",15,3,Web Developer
8d67affe-7a37-4b6b-9d4f-e7b38607f30a,8.69,Web Development,"Java,SQL,C++,Azure,PowerBI",12,1,Software Engineer
a0220ecc-6d7f-4446-acd7-8b6702866681,8.02,Machine Learning,"PyTorch,Mathematics,React,Docker",10,4,AI/ML Engineer
955a3a6a-d5d0-48ca-87c5-ceb8c2cdf170,9.48,DevOps,"Kubernetes,Python,AWS,Azure,Git,NumPy,JavaScript",17,4,Cloud Engineer
8f23d153-7d17-4fa0-a04e-7e6f7fef69e8,7.84,Artificial Intelligence,"PyTorch,Python,Scikit-learn,TensorFlow,PowerBI,NoSQL,Java",5,5,AI/ML Engineer
0c6f558b-dd8a-4a47-8920-260a264f6592,7.49,Web Development,"JavaScript,Node.js,Git,React,HTML/CSS,PowerBI,Python",16,2,Web Developer
78ce46ea-6da7-453e-a5dd-e7360305b6d6,8.81,DevOps,"Linux,Docker,C++",14,2,Cloud Engineer
77ee56d8-bbd8-4efc-8716-3efdc9326fef,9.01,Cloud Computing,"Linux,Python,Kubernetes",5,1,Cloud Engineer
ee4e3127-0926-41b8-92e9-ebc914f9a2e1,7.89,Web Development,"React,Git,JavaScript",15,1,Web Developer
023c29d3-ab7d-4755-afb8-831e34e1e06c,7.1,Web Development,"C++,SQL,Git,AWS,NoSQL",12,5,Software Engineer
3a932606-fb1d-4566-9477-7caf37fd6c48,7.84,Machine Learning,"Tableau,SQL,Pandas",12,4,Data Analyst
729fdbc3-bd60-4eaa-9c49-17e086e722ac,8.69,Artificial Intelligence,"Mathematics,PyTorch,Scikit-learn,HTML/CSS,SQL",16,2,AI/ML Engineer
03fc18b9-7047-497c-bb52-8ba3e1b1bb6e,8.84,Artificial Intelligence,"Java,C++,Git,SQL,Tableau,Python,PyTorch",8,5,Software Engineer
b3428d9c-5c86-4d14-9168-006ad6b56c07,7.86,Database Management,"Tableau,NumPy,TensorFlow,AWS,PowerBI",13,4,Data Scientist
58767710-cf79-4ef5-b2bd-d80d3057c7ed,6.23,Machine Learning,"Scikit-learn,SQL,Tableau,Pandas,AWS,TensorFlow,Azure",11,5,Data Scientist
47a43d9f-67ca-40bc-9d6a-1af0d18af7bf,7.21,Database Management,"Excel,PowerBI,Pandas,React,NumPy",9,2,Data Analyst
270976d8-5ab6-49cc-bc52-b36a9acd57ed,9.11,Database Management,"SQL,Python,HTML/CSS",8,1,Data Analyst
5894e84d-988b-449a-9401-a50cf4af034d,8.03,Database Management,"Excel,SQL,Kubernetes",12,3,Data Analyst
35c0a799-9d1c-441f-bae9-cc3f374ad8eb,7.2,Web Development,"HTML/CSS,JavaScript,Angular,React,SQL,NoSQL",14,2,Web Developer
4b6593c6-82e1-4cd1-a6d5-a92daecc3e56,7.48,Database Management,"PowerBI,Excel,Tableau,Pandas,Git,TensorFlow,HTML/CSS",13,5,Data Analyst
ff10ff68-0fb3-4277-b91f-787486cd6496,9.56,Web Development,"Node.js,Git,HTML/CSS,JavaScript,TensorFlow,Pandas",13,1,Web Developer
ee1a8ef5-3928-46c4-86ae-fb1ba1100f69,7.33,Database Management,"Data Structures,Java,SQL,C++,Git,NumPy,PyTorch",16,2,Software Engineer
1a975e7e-ec0c-4a51-bfec-0fc3b7c0d11a,7.71,Web Development,"Git,Java,C++,PowerBI",7,5,Software Engineer
e2c49049-5b21-479a-bdc9-ea3f28e88b8d,7.34,DevOps,"Kubernetes,AWS,HTML/CSS",5,1,Cloud Engineer
b0ca777b-7dd3-4b50-90be-c4a4b97a742f,10.0,Database Management,"NumPy,Python,Tableau,TensorFlow,PyTorch",17,4,Data Scientist
74da78ac-f8b6-40c2-9df2-41081d10b293,6.65,Web Development,"Node.js,Angular,TensorFlow",20,1,Web Developer
a693dd5b-1bc6-4a69-82e7-55207fa9f5ad,8.4,Web Development,"Angular,JavaScript,React,Scikit-learn,PowerBI",6,1,Web Developer
c934df55-6580-4212-ae97-dbea2eef98eb,6.64,Machine Learning,"Scikit-learn,PyTorch,TensorFlow,Mathematics,C++,JavaScript,React",20,1,AI/ML Engineer
9bed0fd5-ba04-4c89-8079-f7cdc6bfa2fa,8.17,Database Management,"Python,Tableau,NumPy",19,4,Data Analyst
5d2671ae-16d7-4fc7-8a6d-62105a0534c4,9.2,Artificial Intelligence,"TensorFlow,Scikit-learn,Mathematics,Angular,Azure",5,5,AI/ML Engineer
bac20ec3-f6aa-4c2a-ab07-0249f4fe57f3,7.9,Web Development,"Angular,HTML/CSS,JavaScript,Node.js,NumPy,Scikit-learn,TensorFlow",10,3,Web Developer
b86e9b1d-761e-420a-9343-19fcf31cb22b,6.48,Machine Learning,"Mathematics,Python,JavaScript,PyTorch",20,3,AI/ML Engineer
1507a897-b6dd-4051-9b40-13397bd9f45f,6.79,Machine Learning,"Mathematics,PyTorch,Scikit-learn,Python,Kubernetes,TensorFlow,AWS",9,4,AI/ML Engineer
9aa1347a-3fe9-4161-895d-a21a614ee0b9,8.06,Cloud Computing,"Python,Kubernetes,AWS,HTML/CSS,SQL",18,3,Cloud Engineer
c5cda48c-84ea-476e-9145-66c1d16c411a,7.4,Artificial Intelligence,"TensorFlow,PyTorch,Scikit-learn,Angular,Tableau",15,3,AI/ML Engineer
b6ec60ce-7fe8-4bce-8775-ad93fdcb017c,6.78,Web Development,"JavaScript,HTML/CSS,Node.js,PowerBI,Java",6,5,Web Developer
eb66fd64-ab51-4a48-a27c-9f0aae88a80c,5.67,App Development,"Data Structures,C++,Git,Python,Tableau,React,NumPy",6,3,Software Engineer
e00f557d-539f-4860-81bc-b8052cbff9f6,8.66,Cybersecurity,"SQL,Data Structures,Java,C++,Scikit-learn,AWS,Azure",8,3,Software Engineer
e451480d-db7b-4b78-99c8-0c3042f61fd3,6.69,Cloud Computing,"Docker,Kubernetes,Linux,HTML/CSS,PyTorch",16,3,Cloud Engineer
6d3f05e9-15f8-4895-987e-842de942ba63,7.67,App Development,"SQL,Java,Data Structures,Git,React,Azure",5,3,Software Engineer
bc0df916-93bb-4e54-8c51-8ee543d52142,10.0,Data Science,"C++,Python,NoSQL",12,2,Software Engineer
99600de5-b80a-4be7-b16c-272dcc2d55cb,7.14,Artificial Intelligence,"TensorFlow,Python,Java,Azure",8,2,AI/ML Engineer
082b33cc-fce9-4c06-aee7-fadec043cc64,6.41,Database Management,"Python,Pandas,Excel,Tableau,PyTorch,AWS,NoSQL",15,3,Data Analyst
0ccd92ef-a642-4c85-81db-b2d2c43496e0,8.89,Web Development,"HTML/CSS,React,Git,JavaScript,PowerBI,C++",8,2,Web Developer
9e4f39d5-c76f-4430-8387-421c76df25c4,7.99,Database Management,"Tableau,Scikit-learn,React",15,2,Data Scientist
06376bba-b967-4291-8f85-769b648c1e0b,6.37,Machine Learning,"Python,Tableau,TensorFlow,Angular,Git",13,5,Data Scientist
2b1753a1-43c2-4cda-8ba1-765ab3b43baf,10.0,Machine Learning,"Scikit-learn,Python,NumPy,React",17,2,Data Scientist
fe55e7dd-e643-48b6-b180-7ce25fcdf2d8,8.17,DevOps,"Python,Docker,Linux,AWS,Scikit-learn,Java",15,2,Cloud Engineer
b045e671-752c-40ea-8617-86a82178c2ef,6.64,Machine Learning,"Scikit-learn,TensorFlow,Mathematics,Python,Azure",7,5,AI/ML Engineer
c25009cc-7c80-477d-80bb-cb98b2198770,7.02,Web Development,"C++,Data Structures,Java,Tableau,Angular",9,3,Software Engineer
3fdb1773-4fc5-49c6-969d-ad6884329347,7.96,Database Management,"Scikit-learn,Pandas,TensorFlow,Tableau,PowerBI,Kubernetes",18,4,Data Scientist
2acdf626-6d0f-42b9-9c8e-f4e8d41cdb52,5.0,Machine Learning,"Tableau,Scikit-learn,Pandas,Docker,NoSQL",14,4,Data Scientist
c035a43d-b90b-4542-b17d-dc1817b80242,8.18,Web Development,"Git,JavaScript,SQL",19,3,Web Developer
26ee76d2-e3fa-4178-b16d-5e843f584918,7.35,Machine Learning,"SQL,Python,PyTorch",18,4,Data Analyst
503c8dc3-578f-4999-86ed-f9e3a38be062,6.3,Web Development,"Git,Java,C++,Data Structures,React,PowerBI",14,5,Software Engineer
0a52c81f-b8c6-48b5-9e90-732b97d5118c,5.77,Web Development,"Angular,HTML/CSS,PowerBI",7,5,Web Developer
21d212e1-28c8-496f-9ff7-b49b425fe892,7.88,Cloud Computing,"Python,Kubernetes,Docker,Linux,Pandas,PowerBI,JavaScript",14,2,Cloud Engineer
693459dd-91ab-4418-8e79-ce542e38b828,8.17,Data Science,"SQL,Data Structures,Java,Python,C++,Angular,AWS",15,2,Software Engineer
0a3943a5-74b3-429b-a0c5-17856ee01f0c,7.38,Machine Learning,"SQL,Java,Docker",17,2,Software Engineer
874e90fd-d798-4bf7-9a56-d41b8f2dda86,6.75,Machine Learning,"Tableau,Python,NumPy,SQL,PowerBI,Git,JavaScript",6,2,Data Scientist
2c9b53bf-4492-497d-bd1c-6d5e303cd5c7,6.59,Data Science,"Git,Python,C++,SQL,TensorFlow,Scikit-learn,AWS",8,5,Software Engineer
a2af5e28-1819-4cad-971e-2ed06ed18463,7.32,Web Development,"React,JavaScript,NumPy,TensorFlow",8,2,Web Developer
8e2cb526-f132-43fa-89e0-7c8bb9912c14,9.96,Database Management,"Tableau,Pandas,JavaScript,HTML/CSS",19,5,Data Analyst
c79aad9e-c80e-488b-b44c-9b29d5560a2f,7.62,DevOps,"Azure,AWS,Python,Kubernetes,TensorFlow,Java,NumPy",17,4,Cloud Engineer
e7a8f931-b95b-4e37-86a7-384ecdaca18f,8.25,Web Development,"React,JavaScript,NumPy",18,4,Web Developer
b236486d-0d8a-403f-9428-abd65603cbb0,7.53,Cloud Computing,"Python,Linux,AWS,Kubernetes,HTML/CSS,Tableau",13,5,Cloud Engineer
b10bd94c-1381-4a24-b7e6-91d86d066006,6.9,Web Development,"Angular,Node.js,HTML/CSS,Git,C++,Python",15,5,Web Developer
29ae8939-fe6d-4f36-9439-e9d4979f18b5,6.71,Machine Learning,"Pandas,SQL,Excel,Tableau,Docker,PowerBI",5,4,Data Analyst
ff8b89a3-a453-4bc1-a173-03a792a04ecd,7.03,DevOps,"Python,AWS,Kubernetes",5,5,Cloud Engineer
0ba58ef3-90f2-43ad-b59e-8e1b0b435661,8.08,Cloud Computing,"Java,Data Structures,Git,SQL,Angular,PowerBI",7,1,Software Engineer
472fed23-792f-4583-a494-500570e578bc,8.96,Database Management,"PowerBI,Pandas,Tableau,SQL,Python,Azure,Angular",16,5,Data Analyst
24f49a18-178e-4dd2-a39d-cfa298d35726,6.09,DevOps,"Python,Linux,Docker",17,3,Cloud Engineer
399fa301-f25a-48a8-b3e0-22f14585b5c6,9.07,Data Science,"Pandas,Python,SQL",6,2,Data Scientist
9e20d7c5-b9bc-4b32-91bd-876614014312,7.7,Data Science,"Data Structures,SQL,AWS,PyTorch",19,4,Software Engineer
71e785f2-d553-417c-b2e2-0c12d141c09b,7.44,Machine Learning,"Python,TensorFlow,Docker",9,5,AI/ML Engineer
3e9b2820-beb7-4d42-8b61-a9c0b62ee712,6.38,Data Science,"Python,SQL,Git,PowerBI",18,4,Software Engineer
12a13b39-f8cb-4a56-a2f1-5da40ffd44a1,7.16,Web Development,"Node.js,Angular,React",14,3,Web Developer
cb969189-78ae-49bc-bf4e-e97a1fb537c4,8.3,Data Science,"SQL,Python,React,Pandas",18,3,Data Scientist
1832aae1-ab83-473f-b7b3-d87c40b1e387,7.69,Database Management,"Tableau,SQL,Excel,React,Azure",16,2,Data Analyst
7a02f7ee-8d62-414a-a7c8-e24d8296f67e,7.5,DevOps,"Java,Data Structures,Python,Scikit-learn",5,3,Software Engineer
06007b68-577d-436e-9263-d23d653fa54b,6.47,Web Development,"Git,JavaScript,Azure",5,2,Web Developer
539bcbf4-e445-4fcb-9e38-1d2184e35262,6.51,Machine Learning,"Pandas,SQL,Scikit-learn,NumPy",11,1,Data Analyst
b4635ad0-a7ef-4427-ada2-d622691e7789,8.96,Web Development,"Angular,Git,JavaScript,React,C++,Azure",19,3,Web Developer
a23476a4-dda3-4569-b9ad-e815ae315837,8.1,Database Management,"NumPy,Tableau,React",5,5,Data Scientist
1871baa8-e2de-4e82-a988-e52f81e754a7,8.58,Cloud Computing,"Linux,Docker,Scikit-learn,SQL",18,3,Cloud Engineer
c5e24bd1-fdbd-4a6f-8149-105686d90062,8.79,Data Science,"NumPy,SQL,Pandas,Python,AWS,Docker,HTML/CSS",16,1,Data Scientist
36a5685e-bd83-4aee-bc92-b4533e667d9e,7.82,game Development,"SQL,Git,C++,Data Structures,TensorFlow,Scikit-learn",12,3,Software Engineer
697604ef-7f3c-4102-a2c8-b75329e59981,6.67,Machine Learning,"Pandas,Excel,PowerBI,SQL,C++,AWS,React",15,2,Data Analyst
0dd46ddb-d313-4257-bb2b-663b5fc56f54,7.92,Machine Learning,"SQL,Python,C++,Azure",18,4,Data Analyst
7517d720-fe73-420e-98f5-b4cf97d5f8ac,6.15,Artificial Intelligence,"TensorFlow,Python,Mathematics,PyTorch,JavaScript,NumPy,Git",6,5,AI/ML Engineer
d0fcf83e-34f2-4766-aaad-793cb669df11,7.15,Machine Learning,"Scikit-learn,TensorFlow,Kubernetes",5,3,AI/ML Engineer
6ec45017-bd87-4808-b774-76a91030ff9f,8.48,Web Development,"Node.js,JavaScript,HTML/CSS,Angular,Git,Python,C++",9,1,Web Developer
badf1f5a-6131-4467-942e-d0f8f3601242,6.77,Data Science,"TensorFlow,SQL,Tableau,NumPy,PowerBI,AWS,JavaScript",9,5,Data Scientist
01b78621-308f-4a2d-aac1-e8e92697b6b4,7.1,Web Development,"React,Node.js,JavaScript,HTML/CSS,PowerBI,Tableau",8,5,Web Developer
cf5f0d24-5150-4c8e-a3ee-baa3c89e105d,6.33,Data Science,"Tableau,Pandas,PowerBI",13,1,Data Analyst
bb5f7f02-e608-4b95-a58d-754cb70bf8a1,8.28,Database Management,"SQL,PowerBI,Excel,Tableau,Scikit-learn,Git",6,4,Data Analyst
65957cc9-2524-4e76-8044-0946ade14ba1,8.04,Machine Learning,"Data Structures,C++,Python,Scikit-learn,SQL",13,5,Software Engineer
37d51adc-e2ee-4130-ae34-432069026f23,8.37,Machine Learning,"Mathematics,Scikit-learn,AWS",20,3,AI/ML Engineer
965bd885-5ac1-448c-bbe6-a285b5927777,7.27,Machine Learning,"SQL,Python,Tableau,Scikit-learn,TensorFlow",5,5,Data Analyst
00d1fcf1-0448-42bb-8f56-10511fd8aced,8.2,Cloud Computing,"Kubernetes,Docker,JavaScript,AWS",7,1,Cloud Engineer
791b23cb-7dd8-4b78-ae99-bd22c4362fa9,7.0,Data Science,"SQL,Scikit-learn,Tableau,TensorFlow",12,5,Data Scientist
dec4da1a-0ed2-472e-aded-61027dc37462,6.99,Machine Learning,"SQL,Excel,Pandas,Python,Git,NumPy,PowerBI",9,5,Data Analyst
5464a74f-ce0b-48ee-a72b-2107a3b5a954,7.93,Data Science,"NumPy,Scikit-learn,Python,Docker,Java",7,5,Data Scientist
d871cf46-269f-45fb-9736-41e572135b7f,8.81,Database Management,"Java,C++,SQL,Pandas",11,3,Software Engineer
393812e0-688d-48ae-9c17-c9e6441cdf07,8.23,App Development,"SQL,C++,Data Structures,HTML/CSS,Scikit-learn",7,2,Software Engineer
da0c4192-ba7a-4628-91d0-7eee8c09eeec,5.69,DevOps,"Docker,Python,Azure,Kubernetes,JavaScript,Angular",20,4,Cloud Engineer
8aeadf0f-c741-4b42-bdd8-e3d70810139d,7.39,Database Management,"Pandas,Scikit-learn,TensorFlow,Python,Docker,PowerBI",20,3,Data Scientist
deb441ab-778c-4024-bad7-81f213f55ce7,7.03,Data Science,"Python,SQL,Java,Azure",5,4,Data Analyst
89dbed5c-015b-4813-91cd-629a767f8a82,7.83,Machine Learning,"PowerBI,SQL,NoSQL,Docker",7,2,Data Analyst
004d436f-6e9f-4ee2-9fab-8a1575c21992,8.15,Web Development,"HTML/CSS,Git,Kubernetes",7,2,Web Developer
dc07ba81-dd2b-4723-98d2-57d0c662f92a,8.09,Artificial Intelligence,"Python,TensorFlow,PyTorch,Mathematics,NoSQL,Angular",5,4,AI/ML Engineer
9f585819-ce54-429c-83cf-c74b00c7db7f,7.97,Cloud Computing,"Linux,Kubernetes,C++",20,1,Cloud Engineer
d5aba77b-4ac6-4c05-a7d6-a18adecc3d47,9.56,Machine Learning,"Git,Python,HTML/CSS,C++",9,1,Software Engineer
ed69385f-250c-4332-b89c-2f6cd972a513,8.97,Web Development,"Angular,HTML/CSS,NumPy,AWS",16,5,Web Developer
22d4652f-c283-464b-a4f4-e21ddcb0549e,10.0,Machine Learning,"Mathematics,Scikit-learn,C++,JavaScript",9,3,AI/ML Engineer
1496417b-a794-45d2-a9d6-8fd6b4f1d536,9.26,Machine Learning,"Tableau,NumPy,SQL,Scikit-learn,HTML/CSS,JavaScript,C++",15,4,Data Scientist
2491efad-d7c2-47a1-a25a-035d5a5ab957,6.01,DevOps,"Docker,Kubernetes,Scikit-learn",13,1,Cloud Engineer
a6179543-7aeb-4748-b2f5-709d79853bb5,8.11,Artificial Intelligence,"Python,Mathematics,Pandas,React",16,4,AI/ML Engineer
2bfa59ec-3f61-4dac-8b3b-2308cdb8285e,5.91,Artificial Intelligence,"PyTorch,Python,Mathematics,Scikit-learn,PowerBI,TensorFlow,NoSQL",5,1,AI/ML Engineer
b51b0e07-98ba-4268-bd96-d6a6521e5185,8.31,Machine Learning,"TensorFlow,Tableau,Pandas,Python,Angular,Scikit-learn",9,1,Data Scientist
da52ae63-63a5-4010-9a2a-2aa911384393,6.53,Web Development,"React,Node.js,Git,JavaScript,Kubernetes,C++,Python",12,3,Web Developer
588528e8-b821-4fe2-bf34-48d725de7962,7.58,Database Management,"Python,SQL,Java,C++,Docker,Scikit-learn",14,5,Software Engineer
5ea871c9-ee17-4def-92b1-5a54c3a88628,7.37,Cloud Computing,"Azure,Kubernetes,AWS,NumPy",11,1,Cloud Engineer
9775a8b3-8d97-4e96-8cfa-f6a4bb686d56,6.56,Web Development,"JavaScript,Angular,React,HTML/CSS,Java,TensorFlow,Azure",12,1,Web Developer
58ad54ef-b744-465f-9a4b-cb21cef6977a,7.82,Artificial Intelligence,"Python,Git,Azure",14,3,Software Engineer
7aafde82-6507-46bb-b942-31bb5efa419e,6.42,Data Science,"C++,Git,Python,Java,NumPy,Docker",17,3,Software Engineer
aae0200d-53fd-4dc3-8e00-043540400cb5,9.67,Machine Learning,"Scikit-learn,PyTorch,Python,Mathematics,Docker,Java,Angular",9,1,AI/ML Engineer
f642f1ee-2643-43a1-a104-aebe43caa07b,7.74,Cloud Computing,"Docker,Python,AWS,Linux,SQL,Scikit-learn",15,3,Cloud Engineer
2d13638e-bc22-41c1-b4fc-2220d2325e61,8.6,game Development,"SQL,Java,Git,Python,TensorFlow,Scikit-learn,Azure",11,3,Software Engineer
c384cef8-67b6-45ce-99f8-f3e0331620c5,8.24,Web Development,"Node.js,Git,JavaScript,React,Angular,HTML/CSS",12,5,Web Developer
e409ffc9-13b4-409d-8db8-7c3aadad6985,9.36,Machine Learning,"TensorFlow,Python,Mathematics,HTML/CSS,Angular",6,3,AI/ML Engineer
bbbf2341-a1cf-4dc2-894c-06b586830876,8.17,Artificial Intelligence,"Scikit-learn,Mathematics,JavaScript",14,1,AI/ML Engineer
192f0fd3-b3a3-4a33-bed2-d89c6d9caf3d,7.4,Data Science,"SQL,Python,NoSQL",12,2,Data Scientist
466fe188-d9ab-4301-9371-a5e3671eb403,7.3,Web Development,"React,HTML/CSS,Kubernetes,Git",5,2,Web Developer
fd712a70-f1d7-4963-8362-5a354b71ea7b,7.84,Database Management,"SQL,Excel,Tableau,Python,NumPy,TensorFlow",11,5,Data Analyst
98ab0201-3582-4167-9de6-06686bcf7874,6.6,Data Science,"NumPy,Scikit-learn,React",12,4,Data Scientist
952fa36f-fb34-46eb-bbf8-9cf71bb5c4c8,5.62,Data Science,"Tableau,Pandas,TensorFlow,SQL,Kubernetes,Angular,JavaScript",12,4,Data Scientist
c13bf584-cebb-43d3-8eb2-5aa3e0b5eb63,6.78,Data Science,"Python,SQL,TensorFlow,Pandas,PowerBI,Git,NoSQL",10,4,Data Scientist
c1dfc425-c454-4af1-9aa0-e519f7b07781,5.91,Cloud Computing,"Kubernetes,Python,Docker,Linux,PyTorch,NumPy",7,2,Cloud Engineer
b6377eaa-76e6-4083-ae5d-4d5fd547d072,7.01,Database Management,"Python,C++,Java",20,2,Software Engineer
ba90dd9e-f884-461a-b4b9-d3ac3f95589c,7.3,Web Development,"Angular,HTML/CSS,Git,JavaScript,SQL,AWS,Java",15,5,Web Developer
9f78acc6-3cd4-4fbe-a23e-baf179ef2326,8.68,Machine Learning,"SQL,Pandas,Python,Tableau,NoSQL,NumPy,HTML/CSS",12,4,Data Scientist
04e181f2-1825-4dff-b234-c6e2a31fdfe2,8.04,Machine Learning,"SQL,Scikit-learn,NumPy,TensorFlow,Angular,PyTorch,C++",11,1,Data Scientist
21d9a208-d237-421f-91a5-7c1431415c2f,6.42,Artificial Intelligence,"PyTorch,Scikit-learn,Angular",15,3,AI/ML Engineer
20337129-0be7-4570-9c65-c18fafa6be33,6.5,Web Development,"Git,Python,C++,React",18,1,Software Engineer
aa44bbb3-ea8d-4261-bebb-bc2b9317af79,7.3,Web Development,"HTML/CSS,Node.js,JavaScript,Angular,React,C++",7,3,Web Developer
e535caee-60a4-4e4c-8848-bfacebc96538,8.75,Artificial Intelligence,"Scikit-learn,TensorFlow,Tableau",8,2,AI/ML Engineer
cd78d92d-0054-4491-a3dd-a48cb7076e3f,7.74,Data Science,"Pandas,Excel,PowerBI,SQL,Angular,Scikit-learn",7,4,Data Analyst
fb6c0bb0-9cde-4a9f-b98d-63f76f03b2d4,7.07,Cloud Computing,"Azure,Linux,JavaScript,Pandas",5,5,Cloud Engineer
76131c86-14dc-4df3-9f5e-821aebc5e241,5.04,Web Development,"Angular,React,AWS,Azure",5,1,Web Developer
d7482cb5-bb20-4b5c-8dd5-225a567d2903,9.8,Cloud Computing,"Azure,Docker,HTML/CSS,JavaScript",5,4,Cloud Engineer
f7f10c76-d2f5-43c0-88ba-391a56a5dd83,7.25,game Development,"Data Structures,C++,Java",6,1,Software Engineer
e85d1c11-c0e3-44a0-af7d-f591d528430a,6.1,Web Development,"Angular,React,JavaScript,HTML/CSS,Python,AWS",8,5,Web Developer
91025611-2b12-423b-b8b0-94532478c4d4,5.0,Machine Learning,"Scikit-learn,SQL,PowerBI",15,5,Data Scientist
a9771afc-5d24-43aa-beba-7110c8fb4fce,8.01,Web Development,"Node.js,JavaScript,PowerBI",12,1,Web Developer
4e90deee-77a6-41ae-b94a-0ab1c1d23635,7.64,Database Management,"Excel,Python,Java,PowerBI",16,1,Data Analyst
85e5d658-f596-43b1-b4a6-be9ef5d1284d,8.51,Web Development,"C++,SQL,Java,PyTorch,Tableau",19,3,Software Engineer
a71079c6-f96b-4c44-85ad-eb5f5fbe511b,8.66,Machine Learning,"PowerBI,Excel,Scikit-learn",16,5,Data Analyst
8714c514-a0fb-42be-bb4c-1ccc70f57fa4,9.08,Artificial Intelligence,"Mathematics,Scikit-learn,TensorFlow,Python,AWS,Azure,NumPy",6,2,AI/ML Engineer
c220e8ba-aa4e-4a5b-b60b-d8f8d574473d,9.12,Machine Learning,"Python,TensorFlow,NumPy,C++,NoSQL",10,1,Data Scientist
272e84c2-9234-405a-918d-790d9b13a99b,6.49,Data Science,"Pandas,Python,PowerBI,Git,SQL",6,4,Data Analyst
fe69d9f6-68a3-49ce-bdeb-6a25fec7ebf3,8.02,Data Science,"Scikit-learn,Python,TensorFlow,Pandas,C++,HTML/CSS,Kubernetes",13,5,Data Scientist
b7ec8f3a-3ddd-404a-847e-6342198b66d1,7.81,Database Management,"TensorFlow,Pandas,Git,SQL",20,3,Data Scientist
c6533ae8-6f40-4e7d-a94a-ed0c2f4a61a6,6.21,Cloud Computing,"Git,Java,SQL,Python,Scikit-learn,NoSQL,C++",18,3,Software Engineer
0f30377b-d5bb-4e7b-8c9b-9b598052f963,4.53,Machine Learning,"Python,Tableau,Excel,Pandas,Angular,NumPy",8,2,Data Analyst
afd60745-175d-4e1a-8720-c281510f2ad2,5.93,Web Development,"React,Node.js,C++",10,4,Web Developer
328c20db-42fe-4f12-83bc-857391e19c97,6.83,Data Science,"Python,C++,TensorFlow,PyTorch",6,1,Software Engineer
507f4e50-98f9-410c-adef-4f6b3482f03d,7.2,Database Management,"Pandas,SQL,TensorFlow,NumPy,PowerBI,AWS,Tableau",13,2,Data Scientist
10f4ca9c-c2ed-42d7-92fe-3640a69bf165,6.53,Web Development,"Angular,HTML/CSS,React",6,5,Web Developer
c640ee6a-c73c-4731-be22-c166edf97050,7.87,DevOps,"Kubernetes,Azure,Pandas,Git",12,1,Cloud Engineer
d9e86166-add3-49b7-807d-31727a150056,5.91,Data Science,"NumPy,TensorFlow,Scikit-learn,Pandas,Java",11,2,Data Scientist
2155c839-3fd6-4c9d-85a5-7aa5362c75b7,7.21,Web Development,"HTML/CSS,JavaScript,React,Node.js,Docker,Tableau",20,5,Web Developer
1851fa2f-87d3-4bee-bc65-9cdea518ff5a,8.0,Artificial Intelligence,"Git,SQL,Azure,Tableau",19,4,Software Engineer
838c03eb-677e-4d2b-b68c-17e7697be093,7.52,DevOps,"Git,C++,SQL,Python,Pandas,HTML/CSS",15,4,Software Engineer
8b68bf11-fef5-4e4f-9e61-53c6a50f6828,7.3,Web Development,"Node.js,HTML/CSS,Angular,JavaScript,Docker,TensorFlow",6,2,Web Developer
f479b3ce-7835-4850-94bc-b4669a45f31b,6.5,Cloud Computing,"Python,Java,Git,Data Structures,Azure,Pandas",19,1,Software Engineer
9436cd4f-3305-439f-a68f-31e84a4ab9c1,6.61,DevOps,"Linux,Python,Docker,SQL",16,2,Cloud Engineer
d4e3d691-b734-460a-a362-5de659f36b07,7.29,Web Development,"JavaScript,Node.js,Angular,HTML/CSS,Tableau,TensorFlow,SQL",9,1,Web Developer
8b064c51-a6a7-4a84-bd7b-f29dee598dd9,8.26,Machine Learning,"Mathematics,Scikit-learn,Python,TensorFlow,Docker,NumPy,C++",15,3,AI/ML Engineer
90cca38e-104b-4f44-b9d3-ec37017cc541,5.96,Database Management,"C++,Data Structures,Python,SQL,React,PowerBI,Java",6,1,Software Engineer
b43b86e2-dd0d-4280-9568-9ef2e07db500,5.92,Artificial Intelligence,"PyTorch,TensorFlow,Python,AWS,SQL",18,1,AI/ML Engineer
764d8f50-5f24-4340-a46b-116a08b02cec,8.02,Machine Learning,"Python,Tableau,Excel,NumPy,AWS",5,2,Data Analyst
d60c61c7-2e3b-4c18-97c5-750e361209aa,4.95,Web Development,"SQL,Python,Java",10,5,Software Engineer
71bfc545-cbd3-4f84-b4e4-c0753d3d1454,7.09,Cloud Computing,"Linux,Python,JavaScript",9,1,Cloud Engineer
44b60eeb-86ff-40d6-b541-2e65e5fbd5e1,8.58,Web Development,"Git,Node.js,Python,Kubernetes",6,1,Web Developer
e455c43a-c071-4265-ad87-94113b254c1a,7.83,Web Development,"HTML/CSS,Node.js,C++",8,3,Web Developer
09303ed4-ca39-406e-9ce4-2e937bc1472a,7.71,Cloud Computing,"AWS,Azure,PyTorch,Pandas",18,4,Cloud Engineer
2775dd1f-ff40-4751-b397-c35a129aa464,5.07,Database Management,"SQL,TensorFlow,Tableau,Scikit-learn,NumPy,React,HTML/CSS",10,2,Data Scientist
346628ff-07eb-4f3f-ac4d-24989b5bb5cd,6.92,DevOps,"Kubernetes,Docker,Tableau,Angular",15,2,Cloud Engineer
aaa8cd8e-729c-4d9f-aa19-d7d0024d1edd,6.73,Artificial Intelligence,"SQL,Java,Docker",6,3,Software Engineer
ad5f4d77-f65b-4ff3-a3dc-36ff44f7254a,7.43,Database Management,"Tableau,Pandas,PowerBI,Scikit-learn",6,3,Data Analyst
b345b348-b697-463a-b481-fa6599bbbb24,7.33,Cloud Computing,"Linux,Kubernetes,React,Git",19,5,Cloud Engineer
8f760cd4-6312-4738-bd2f-1e029942cc82,9.1,Database Management,"Python,TensorFlow,SQL,Scikit-learn,NumPy,React,Azure",20,3,Data Scientist
fa05b3f8-ac60-434a-a697-4349acdb30c3,7.25,Data Science,"Excel,Python,React,Tableau",18,3,Data Analyst
53ed324f-de17-4e83-bc6a-557d9d1c5be9,5.1,Machine Learning,"Scikit-learn,Pandas,TensorFlow,SQL,PowerBI,Java,React",7,1,Data Scientist
2557ec24-61b3-4aed-b2da-5967d5e46618,6.41,Machine Learning,"PyTorch,Scikit-learn,Mathematics,Python,HTML/CSS,Pandas,AWS",8,2,AI/ML Engineer
2034095d-418b-4846-b9fd-da984573fd2c,6.77,DevOps,"Linux,Azure,Kubernetes,AWS,Angular,JavaScript,Python",13,4,Cloud Engineer
9e71f9fb-5e07-4c25-9e28-dc035640b329,7.36,Web Development,"Node.js,Angular,HTML/CSS,TensorFlow,NoSQL",20,2,Web Developer
f70cc050-110b-4370-9922-e7147aac15a6,8.58,Cloud Computing,"Kubernetes,AWS,HTML/CSS",9,2,Cloud Engineer
a0670dd6-ac9a-4602-b991-42585e4035ad,10.0,Cloud Computing,"Linux,Python,Docker,HTML/CSS,PowerBI",6,3,Cloud Engineer
79e0c036-7235-4850-b5ef-ac95d8dbf275,8.77,Data Science,"Pandas,PowerBI,Excel,Angular,Azure",13,3,Data Analyst
a585f9fc-ffe7-4e07-aa59-a63269f32ad7,7.68,Data Science,"Tableau,PowerBI,JavaScript,AWS",11,1,Data Analyst
a847ef8e-bdcb-4eab-839e-aeb04398d0f3,8.38,DevOps,"AWS,Azure,Kubernetes,Linux,PowerBI,Angular,TensorFlow",16,2,Cloud Engineer
b0ad06cd-112d-4bcc-81eb-42452c7f5b29,7.64,DevOps,"Azure,Docker,PowerBI",9,1,Cloud Engineer
45581039-db68-4199-a64f-eece9af0fd58,8.15,Machine Learning,"PyTorch,Mathematics,TensorFlow,NumPy,React",11,4,AI/ML Engineer
d4b35130-2a4a-4755-a0a1-04ee5217e14a,7.22,Web Development,"HTML/CSS,React,Node.js,JavaScript,Python,AWS",5,5,Web Developer
685464e3-a85d-4617-8fe6-deaf13c4b9d2,6.36,Artificial Intelligence,"C++,Data Structures,Python,Scikit-learn,HTML/CSS",7,3,Software Engineer
12d77300-5c39-4563-ba59-737f2b4222da,8.31,Cloud Computing,"Kubernetes,Azure,Python,Docker,TensorFlow,AWS,HTML/CSS",17,2,Cloud Engineer
55ed71dc-54c7-42a3-9d65-c8edf765d70e,6.4,Web Development,"HTML/CSS,JavaScript,Angular,Git,PowerBI,Scikit-learn,SQL",7,1,Web Developer
763f1405-a237-4c36-b642-0102b52182e0,7.58,Cloud Computing,"Python,AWS,PyTorch,Scikit-learn",20,1,Cloud Engineer
d50deecf-400f-4fb4-bbac-51e0def04def,8.57,Cloud Computing,"Linux,Kubernetes,Azure,Docker,HTML/CSS",15,3,Cloud Engineer
d2c93af8-bc8c-4a07-98ee-909a368b689b,9.53,Artificial Intelligence,"Scikit-learn,TensorFlow,HTML/CSS,JavaScript",17,4,AI/ML Engineer
2203f8a3-5fde-42b7-8ccf-339abdcf4eea,8.32,Machine Learning,"Scikit-learn,Python,TensorFlow,Mathematics,PyTorch,Docker",19,1,AI/ML Engineer
e8f35392-6ccc-4c93-bd87-550c1147dcca,7.74,App Development,"Git,Data Structures,Angular",18,3,Software Engineer
4240feef-add3-466a-8662-94d40d6feefc,9.02,Database Management,"PowerBI,Pandas,Python,Scikit-learn,NumPy",20,4,Data Analyst
e468579e-80c5-40be-9a11-6f4c60ae72f3,7.5,Cloud Computing,"Docker,Linux,Java,PyTorch",12,5,Cloud Engineer
41340539-ac44-4e66-96a9-a50eac1e2678,7.07,Cloud Computing,"Java,C++,Data Structures,Python,React,NoSQL",6,3,Software Engineer
ae0b62f8-ff81-4968-bcc5-433ad4d53010,6.71,Database Management,"Excel,Python,HTML/CSS,SQL",18,5,Data Analyst
40e633b7-2f7e-4fa5-a9cd-d3ce2e656d7f,7.65,Web Development,"HTML/CSS,React,Git,Angular,AWS,PowerBI,Scikit-learn",20,2,Web Developer
2c12c44b-a610-4c30-9658-3fef7ca3ffa1,6.33,Web Development,"HTML/CSS,React,Git,JavaScript,Scikit-learn,Tableau,PyTorch",8,5,Web Developer
867aceb8-7cd3-40e5-ab75-e700c66dfebf,6.38,Web Development,"Angular,JavaScript,Pandas",20,5,Web Developer
554767a3-6f14-404b-9044-5ea3de98fdb7,6.5,game Development,"Java,SQL,Pandas,PowerBI",11,2,Software Engineer
c27f9710-4aa2-451f-95be-f0c0f6f66ded,7.11,Machine Learning,"Scikit-learn,Python,Pandas,HTML/CSS,Java",12,2,Data Scientist
6ad9ebd9-cfbf-4abe-8376-932fa3e66788,8.2,Database Management,"Python,Pandas,Tableau,Docker,SQL",10,5,Data Analyst
cb199954-1195-4003-aef2-4ded59b8ab43,6.77,Data Science,"C++,SQL,Data Structures,Tableau,Pandas",18,5,Software Engineer
722531ec-ecdf-4252-98a7-ee84229c36e6,6.67,Artificial Intelligence,"C++,SQL,Data Structures,Git,PyTorch,NoSQL,AWS",12,4,Software Engineer
20373f9e-2655-401b-8a31-e996a6ed468c,9.88,Artificial Intelligence,"Git,Java,C++,JavaScript,AWS",5,5,Software Engineer
4fafb044-7ea3-4866-b69a-6f3d9c0d71c5,8.4,Data Science,"SQL,Python,Java,Git,PyTorch,NumPy,Kubernetes",13,5,Software Engineer
7d4c6ec6-63ee-42ed-ad89-0adcd0d0a5f5,7.6,Web Development,"JavaScript,Angular,React,Node.js,NumPy,Java,Docker",10,1,Web Developer
681cdf26-bef7-4fa9-9b97-f6588214dfcf,6.22,Cloud Computing,"Linux,Kubernetes,Docker,AWS,Git,NumPy,Angular",7,1,Cloud Engineer
0119f568-5cb5-4820-acc8-209be40d3b92,5.66,DevOps,"Python,Java,SQL,Git,AWS,Tableau,TensorFlow",12,2,Software Engineer
8b79d432-5443-4fd1-b767-249c83ffed2d,8.78,DevOps,"Python,Java,Data Structures,Git,NumPy,SQL,TensorFlow",20,2,Software Engineer
771fd389-7a90-4eb5-be5e-97b1304fbe9f,8.31,Database Management,"SQL,Pandas,PowerBI,HTML/CSS,React",7,2,Data Analyst
50fbd850-5754-4521-beb7-c6f8df2f81dd,6.37,Machine Learning,"Python,Tableau,Excel,PowerBI,NumPy,Docker",12,3,Data Analyst
63ced111-f4ee-44ed-b8b5-1b8caea01517,7.98,Data Science,"Excel,Pandas,SQL,React",7,4,Data Analyst
05dfce22-fe6b-4974-8245-bb7cb2c0d16c,8.29,Data Science,"SQL,Python,Excel,Tableau,Git,HTML/CSS,Azure",10,2,Data Analyst
b94f9b28-57e6-4730-8c66-fa1eb8e4f321,7.61,Artificial Intelligence,"Mathematics,Scikit-learn,TensorFlow,JavaScript",14,4,AI/ML Engineer
9bdc4f50-d49f-408b-b76b-c7f41c806556,6.75,DevOps,"Azure,Kubernetes,Python,NoSQL,PyTorch",18,5,Cloud Engineer
ca7ec3ac-5bdc-4fd0-95d3-5f5a32d7dfa9,7.74,Machine Learning,"Git,Data Structures,Docker",11,3,Software Engineer
e92baebe-961c-4697-b4c5-16ae15668b19,10.0,Database Management,"Tableau,SQL,PowerBI,Pandas,Scikit-learn,Azure,PyTorch",11,2,Data Analyst
82a229dd-cc0f-4c3a-b119-9f6cb00bdfa8,9.64,Database Management,"Data Structures,Git,SQL",5,3,Software Engineer
abd770e5-bef5-456f-8931-f9a59b7369a2,9.11,Web Development,"Angular,React,HTML/CSS,JavaScript,SQL,Java",11,3,Web Developer
052fed6d-5e72-4588-8fe6-3f8e9831b907,7.35,Data Science,"Python,Tableau,Scikit-learn,NoSQL,Kubernetes",12,5,Data Scientist
21431d80-85ea-4b72-961b-3c09a68a27b8,8.83,Artificial Intelligence,"Java,C++,Data Structures,Pandas,NoSQL",11,2,Software Engineer
4700cd7e-8063-4f44-842d-9e03352b8784,7.7,Database Management,"Scikit-learn,SQL,HTML/CSS,AWS",17,2,Data Scientist
7eb62d2f-104e-4d87-b9a3-a7ada363c2aa,6.66,DevOps,"Git,Python,Pandas",15,2,Software Engineer
db26eefe-fa6b-4ab7-a233-6819d8323751,8.61,Data Science,"Python,Pandas,Tableau,PowerBI,Git",17,4,Data Scientist
50ea6ff4-16c1-4a8a-a287-ac79bc7949ac,5.71,Cybersecurity,"Java,SQL,Scikit-learn,Angular",14,4,Software Engineer
66bf48b5-b614-46e3-827d-6dd5fd42c62c,10.0,Cloud Computing,"AWS,Docker,Linux,Tableau,React",17,2,Cloud Engineer
4e5805de-4304-4dee-b3bc-2994af6bffff,8.75,Database Management,"C++,Python,Tableau,Java",18,5,Software Engineer
c2e60b2f-5944-4891-a019-35f0f95bf4df,7.92,Data Science,"Pandas,PowerBI,Python,Scikit-learn,JavaScript",8,3,Data Analyst
2ebf29ab-0b60-4c8f-93d1-fc7035efd0cb,7.16,Data Science,"NumPy,SQL,Python,Pandas,Kubernetes,Git,AWS",10,1,Data Scientist
ffa544a1-c723-4a26-b1db-a5e11438fcfd,7.03,Web Development,"JavaScript,Git,HTML/CSS,Node.js,NumPy,AWS",14,3,Web Developer
99478921-4bc6-4075-8726-6de8934b186a,9.38,Artificial Intelligence,"PyTorch,TensorFlow,Scikit-learn,C++,Angular",18,1,AI/ML Engineer
77a1f2e1-c025-416e-84c5-b3c27c7c87a8,5.76,Web Development,"Git,Angular,PowerBI,Azure",8,1,Web Developer
e8e83e55-e077-4aac-9888-2dcd9338b550,8.1,Data Science,"Tableau,Scikit-learn,Azure,Angular",19,5,Data Scientist
0de43633-9ad6-49b5-a598-8a8c405b7321,6.99,Cloud Computing,"Kubernetes,Linux,AWS,Azure,Git,Docker",15,4,Cloud Engineer
cc2d8f3c-29d8-4a2d-a6b8-1bbe3c88daf9,8.23,Artificial Intelligence,"Scikit-learn,Mathematics,Python,AWS",12,5,AI/ML Engineer
936d1bf3-a445-406e-96e6-edb8f3f8e835,6.1,Web Development,"React,HTML/CSS,JavaScript,Node.js,PyTorch,AWS,NoSQL",11,1,Web Developer
66dcfbc8-a009-45b0-99b4-a1d3f49da164,6.44,Database Management,"Python,Tableau,C++",9,3,Data Scientist
f4bf79bc-fe4a-42a3-a55a-8ed79da557ae,6.59,Machine Learning,"Python,Scikit-learn,PyTorch,TensorFlow,AWS,Angular",19,3,AI/ML Engineer
673ba08d-e9cd-419d-a90d-a992cc5608cc,9.19,Cloud Computing,"Linux,Python,Azure,Kubernetes,HTML/CSS,TensorFlow,Pandas",14,1,Cloud Engineer
9f603276-e851-4d92-aa1b-2bc1e75f5b01,8.46,Web Development,"JavaScript,React,Angular,Kubernetes",20,4,Web Developer
26c08f74-d85f-4262-9f47-69bb76e99bc6,6.2,Database Management,"Python,Pandas,NoSQL,JavaScript",9,3,Data Analyst
877cf1f9-76c0-4510-b9b0-fc2a32181712,7.72,Database Management,"SQL,Tableau,HTML/CSS",19,3,Data Analyst
39493c6a-0549-4c02-bca6-a6107ce0b6fa,7.58,Cloud Computing,"C++,Python,AWS,Pandas",18,1,Software Engineer
f168fa2e-2ca6-4463-bfa5-f66f868a5cc2,10.0,Web Development,"React,Node.js,Kubernetes,PyTorch",9,1,Web Developer
ed45b35b-2ed2-4e1f-8f0d-7cb080cff0e4,6.88,Machine Learning,"Python,Mathematics,TensorFlow,PyTorch,Angular,JavaScript",9,5,AI/ML Engineer
ea87635f-843f-4744-a7e7-f3ceec6d310c,6.71,game Development,"Python,Git,Data Structures,Java,React,TensorFlow,Kubernetes",5,2,Software Engineer
a9ec7af0-e2ae-484a-8f4e-efeb0446b494,9.49,Artificial Intelligence,"PyTorch,Python,TensorFlow,Azure,React",6,2,AI/ML Engineer
5d6d0679-3c60-41b2-9a65-ca8c49cf758e,7.5,Cloud Computing,"Azure,Docker,Linux,C++,Scikit-learn",19,3,Cloud Engineer
ee0956fa-96d6-4c65-bc66-21dc69de7863,9.55,Database Management,"Pandas,PowerBI,SQL,PyTorch,JavaScript",6,5,Data Analyst
197e3983-3f38-424e-b5b8-2889cfde271a,7.17,Database Management,"Python,Pandas,TensorFlow,Docker,NumPy",11,5,Data Scientist
2d909a90-00e4-4aae-8458-995103c91646,7.26,Machine Learning,"SQL,Tableau,TensorFlow,Pandas,C++",12,4,Data Scientist
f4ba39c9-63bd-49d5-8a8b-3d59533e64ee,7.47,DevOps,"Docker,AWS,Azure,PowerBI,NumPy",9,3,Cloud Engineer
1d0a9165-0664-46be-b9d2-e9adeb4b2a07,8.08,Web Development,"Node.js,Git,HTML/CSS,React,Tableau,Java,PowerBI",8,5,Web Developer
9f0ff5ad-8af4-4c49-b07b-54df7497318d,7.34,Web Development,"Angular,Git,NoSQL",19,4,Web Developer
158b71db-8785-44aa-ad04-29ac8eb3897c,4.45,Web Development,"Node.js,Git,JavaScript,Angular,Docker,TensorFlow",11,1,Web Developer
9c6b378c-94c4-497b-94df-5d0c5332cd02,6.81,Cybersecurity,"Java,SQL,Git,C++,TensorFlow,Pandas",17,4,Software Engineer
7fcbc669-36a6-4511-9228-cc4dce07e063,6.46,Cloud Computing,"Azure,Linux,PowerBI,Pandas",18,1,Cloud Engineer
4aca59c6-7731-4988-93c1-fcaf5f8d1608,7.94,Data Science,"Python,SQL,Docker,NoSQL",5,2,Data Scientist
039739b6-5c79-4191-9ac8-d9a952b105c8,6.53,Web Development,"Angular,Node.js,HTML/CSS,React,Azure,AWS,Docker",13,4,Web Developer
341fef7d-2272-4de3-ac36-03f6cd8a9d55,5.69,DevOps,"Azure,Python,Docker,Kubernetes,Tableau,Scikit-learn,HTML/CSS",18,4,Cloud Engineer
89308df5-57e1-49d4-9a7d-430006f6b418,8.18,Web Development,"React,HTML/CSS,Node.js,Git,Scikit-learn,Pandas",11,5,Web Developer
fb4e6c5b-d9cc-4139-8887-8f82092cffd6,6.58,Cloud Computing,"Kubernetes,AWS,PowerBI,JavaScript",6,1,Cloud Engineer
e6348b79-41a8-4ab3-8cdf-fff09a38187f,7.17,Cloud Computing,"AWS,Kubernetes,Docker,Linux,Scikit-learn,Angular,PowerBI",5,1,Cloud Engineer
50bbf7d4-d148-42d6-aa39-64a2f2c36bee,6.09,Web Development,"Git,JavaScript,Tableau",10,4,Web Developer
775d9ea8-6d3d-4136-9d69-9386e51f191d,7.89,Machine Learning,"Excel,SQL,PowerBI,Tableau,Python,Scikit-learn,AWS",12,5,Data Analyst
715b8938-3658-4bb6-9e7e-0af35921c1d0,6.58,DevOps,"Git,Java,Data Structures,C++,AWS",13,4,Software Engineer
a3c46b74-1fc4-4576-9b32-f1e14a9b27df,7.91,Artificial Intelligence,"Scikit-learn,PyTorch,TensorFlow,Mathematics,Pandas,C++",9,5,AI/ML Engineer
ba2175fd-a1dd-42c6-befd-dd0905bdc40c,6.25,Web Development,"JavaScript,Angular,Docker",12,3,Web Developer
52a4f46e-9cd4-414b-bfcc-31e6cdda521f,5.83,Artificial Intelligence,"Python,PyTorch,Scikit-learn,Kubernetes",9,5,AI/ML Engineer
72cf798c-8ee1-46ff-b525-5b7d0e89f10b,7.57,game Development,"Data Structures,C++,Java,AWS,Git",7,3,Software Engineer
395b7056-0c85-4176-9fa9-d51417fc89bf,6.75,Data Science,"SQL,Tableau,PowerBI,TensorFlow",8,3,Data Analyst
779c54aa-4250-42d3-aa11-4693fc2fc0bd,8.0,Data Science,"Git,C++,SQL,Java,NoSQL,Pandas",8,2,Software Engineer
ca3fbe7a-9a33-42a5-9569-3660b6ddccfd,9.79,Web Development,"JavaScript,Angular,Kubernetes",6,2,Web Developer
81f4ed70-0f17-422c-ad28-0887e7d3edaa,6.95,DevOps,"Python,Azure,SQL,HTML/CSS",15,5,Cloud Engineer
4fca1b17-3930-46b5-bea2-4d5d2ce3ecad,7.85,Artificial Intelligence,"Python,Scikit-learn,PowerBI",15,4,AI/ML Engineer
0fd40901-a0f7-42c8-8090-da8d2d48a44c,8.3,Machine Learning,"SQL,Pandas,HTML/CSS",5,1,Data Analyst
f312d9fa-c3ac-4472-962a-351e503b9907,7.12,App Development,"SQL,Data Structures,Tableau,Docker",18,1,Software Engineer
8d3f015f-48d9-4234-900e-b0c6a96cfd1f,6.73,Artificial Intelligence,"TensorFlow,Python,Mathematics,SQL,Git",6,3,AI/ML Engineer
547af540-1ddd-4e91-b96f-cde6aff92c74,6.39,Database Management,"Python,SQL,Pandas,PowerBI,NoSQL,JavaScript",5,2,Data Analyst
d1c33c1b-2174-4bce-9b92-384bc5476682,6.08,Machine Learning,"PyTorch,TensorFlow,Scikit-learn,Mathematics,NumPy,PowerBI",5,1,AI/ML Engineer
dac814c3-4463-459f-bf78-68b15a3479ac,7.3,Database Management,"Excel,Python,PowerBI",9,5,Data Analyst
e439d563-5b04-4f7a-9d9b-5bc15266638b,7.77,Web Development,"Python,C++,Data Structures,SQL,Git,Angular,Docker",11,3,Software Engineer
b1fd965d-797e-4f44-86fe-02f2f7c49e54,8.7,Data Science,"Python,SQL,Excel,Docker,PyTorch",9,4,Data Analyst
bbecddae-e438-4f7c-941e-02ab6107fc6d,7.11,Web Development,"Git,HTML/CSS,Node.js,Pandas,NumPy",8,4,Web Developer
cf63c548-166e-4648-921b-bcb8955c9572,6.66,DevOps,"Python,AWS,Kubernetes,TensorFlow,PowerBI",15,5,Cloud Engineer
42d12a6b-fb47-4b1f-b09d-d43cef1c25e4,8.5,Web Development,"Git,React,Node.js,Angular,C++,SQL,Docker",17,1,Web Developer
38072508-dd37-4424-a6c2-26a863f4f195,7.91,Web Development,"Node.js,JavaScript,Tableau,HTML/CSS",18,2,Web Developer
4405bad6-facb-449b-b414-9d307a94785b,7.59,DevOps,"Linux,Azure,C++,Angular",6,2,Cloud Engineer
5acc61f1-d204-48e4-a335-ae490417540e,7.65,Database Management,"Scikit-learn,TensorFlow,SQL,Pandas,JavaScript,Tableau,NumPy",17,4,Data Scientist
9eb68fa9-433a-4771-9433-55d7f11633b1,8.32,DevOps,"Docker,Azure,SQL",19,5,Cloud Engineer
8059d508-8c3c-4ec4-9701-130669e6bcc0,8.75,Database Management,"SQL,TensorFlow,AWS,PowerBI",18,5,Data Scientist
26c52903-ccbb-4931-8680-99f28343260f,4.74,Database Management,"Excel,SQL,PowerBI,Tableau,Git,Azure,Kubernetes",6,2,Data Analyst
d7eb1bd6-df94-4d1d-a1ea-2961561f73bb,4.0,Web Development,"Data Structures,C++,HTML/CSS",19,5,Software Engineer
93a97bc5-d6f9-4105-b67e-6786dcb6b2ed,9.7,Machine Learning,"SQL,Pandas,Tableau,AWS,PowerBI",6,5,Data Analyst
0a6785d9-f025-47e5-8c55-6b1e126a7474,7.28,Database Management,"SQL,Pandas,TensorFlow",20,5,Data Analyst
336d4637-055a-4c7c-aabb-9ed7ebbfbd50,7.33,DevOps,"Kubernetes,Azure,Python,AWS,NoSQL,Docker",17,4,Cloud Engineer
e7b07ba2-44c6-4c21-9a57-cfcc0fd4d9d4,9.42,DevOps,"Azure,AWS,Linux,Python,Git,Kubernetes",17,5,Cloud Engineer
bea67a7c-bf35-4e92-9335-c072d9fd89ea,7.28,Database Management,"SQL,Python,Tableau",8,1,Data Analyst
f4535161-e6b6-469a-8055-3413b1973a8e,7.45,Artificial Intelligence,"Data Structures,Python,SQL,Tableau,AWS",19,1,Software Engineer
24646fb7-9d9e-4a2a-9fa5-7c2fd1fa47c0,8.16,Web Development,"JavaScript,Git,SQL",8,1,Web Developer
20cff10c-2a0b-4558-a609-a4983c59bdd1,6.94,DevOps,"Data Structures,SQL,Python,Git,HTML/CSS,PyTorch,AWS",15,2,Software Engineer
7ec2f9b0-7725-4ad3-b122-f49c9e08a107,10.0,Machine Learning,"Scikit-learn,Python,PyTorch,Mathematics,SQL,Docker,Kubernetes",15,4,AI/ML Engineer
9fbddc8a-0976-4d97-935b-d92b1435b9cd,6.43,Data Science,"NumPy,Scikit-learn,SQL,Tableau,Azure,Java",8,4,Data Scientist
b559aefc-1c92-4c68-9020-5801d7692014,8.52,Machine Learning,"NumPy,Tableau,Scikit-learn,TensorFlow,HTML/CSS,AWS,Kubernetes",5,2,Data Scientist
2c6f0701-3d61-4205-adbc-01381d942f96,7.78,Machine Learning,"Python,TensorFlow,PyTorch,Tableau,Azure",14,5,AI/ML Engineer
ebf8c235-92d8-4e5a-9fe1-4fa5338a6f4d,8.58,Machine Learning,"Pandas,Scikit-learn,Tableau,TensorFlow",10,4,Data Scientist
57110e4c-f2b0-42f4-9122-9eb25062d894,10.0,Web Development,"Java,SQL,Git,Python,NumPy,Azure,PyTorch",10,2,Software Engineer
2c5cf173-0066-4fc8-88d2-4cda7caafd8b,6.52,Machine Learning,"Tableau,PowerBI,Excel,Java,Angular",7,2,Data Analyst
450ff5b6-b907-4c87-b11d-c65a927ae6c8,4.97,DevOps,"Docker,AWS,HTML/CSS,Git",9,1,Cloud Engineer
c43f0a93-797c-4990-8416-5944a74f42ef,7.47,Artificial Intelligence,"Python,PyTorch,Mathematics,Scikit-learn,AWS",8,4,AI/ML Engineer
68e65a0e-b471-43af-8f82-3c7e7488d7b5,8.25,Data Science,"PowerBI,Tableau,SQL",20,4,Data Analyst
8d6e08d3-deae-405a-9ac8-8666e86b8ed6,8.32,Data Science,"Python,Excel,SQL,HTML/CSS,Pandas",13,4,Data Analyst
31d9a992-4897-4964-b716-29a448deabed,7.05,Web Development,"JavaScript,Node.js,TensorFlow",11,3,Web Developer
8aef0430-514d-413e-a340-c2492a110ade,9.3,Database Management,"SQL,Python,HTML/CSS",11,2,Data Analyst
4e79096d-0233-4710-8a83-bce0947a5d79,9.2,DevOps,"Azure,AWS,Python",19,5,Cloud Engineer
b44a6a68-b180-4e11-8906-b7ccbdc8809f,7.46,Artificial Intelligence,"Scikit-learn,Python,TensorFlow,PyTorch,Git,Kubernetes",19,1,AI/ML Engineer
